"id","filename","mediaType","provenance","source","archiveMember","captureDate","width","height","durationSeconds","bytes","sha256","duplicateOf","thumbnail","canonicalWork","status","notes"
"SS-001","Biophonia_SoSoft_Fuser_V2.mp4","video","today-loose-shoot","/Users/jas/Downloads/Biophonia_SoSoft_Fuser_V2.mp4","","2026:06:12 17:15:13+01:00","3840","2160","275","2615852730","dabf4b7abd02b2c0a2e8f22e4e3df9cd8f0bc81a010d5ccc43a701a95674f756","","thumbs/001-Biophonia_SoSoft_Fuser_V2.jpg","","unreviewed",""
"SS-002","ChellyJin_SoSoftPresentation (1).mp4","video","today-loose-shoot","/Users/jas/Downloads/ChellyJin_SoSoftPresentation (1).mp4","","2026:06:13 01:53:49-07:00","1920","1080","459.892771","1155749660","212dfa1b7b958ac9d0f95bb49734b83638941fed026b7e85d10d503afe8267cc","","thumbs/002-ChellyJin_SoSoftPresentation--1-.jpg","","unreviewed",""
"SS-003","ChellyJin_SoSoftPresentation.mp4","video","today-loose-shoot","/Users/jas/Downloads/ChellyJin_SoSoftPresentation.mp4","","2026:06:13 01:53:49-07:00","1920","1080","459.892771","1155749660","212dfa1b7b958ac9d0f95bb49734b83638941fed026b7e85d10d503afe8267cc","SS-002","thumbs/003-ChellyJin_SoSoftPresentation.jpg","","unreviewed",""
"SS-004","IMG_4753.heic","image","today-loose-shoot","/Users/jas/Downloads/IMG_4753.heic","","2026:07:16 11:51:01","2268","4032","","1226857","d48832f50e2ac8dfb4d7a6c352892225356c9c0cc8a96363cb55fb6900ca4e5c","","thumbs/004-IMG_4753.jpg","","unreviewed",""
"SS-005","IMG_4754.heic","image","today-loose-shoot","/Users/jas/Downloads/IMG_4754.heic","","2026:07:16 11:51:09","2268","4032","","765815","42d3f95017cbd1bc0b97972aa951914724988834c1907b290cb488aaf4ee5404","","thumbs/005-IMG_4754.jpg","","unreviewed",""
"SS-006","IMG_4755.heic","image","today-loose-shoot","/Users/jas/Downloads/IMG_4755.heic","","2026:07:16 11:51:14","2268","4032","","773241","6d1ff1c7eb08c2e6523a279f33a95cbab66e2799daaa2cdec9963d543761e8ce","","thumbs/006-IMG_4755.jpg","","unreviewed",""
"SS-007","IMG_4756.HEIC","image","today-loose-shoot","/Users/jas/Downloads/IMG_4756.HEIC","","2026:07:16 11:51:38","4032","3024","","837161","b5d3782f34439862e706ec299f9f70671f2a8653bb22c6bca7b7f153f13c48ef","","thumbs/007-IMG_4756.jpg","","unreviewed",""
"SS-008","IMG_4757.HEIC","image","today-loose-shoot","/Users/jas/Downloads/IMG_4757.HEIC","","2026:07:16 11:51:43","4032","3024","","1282760","99c0569f2446569d3df0f237e29fbd8f3407b7492db877c7cd05d953f6fadf74","","thumbs/008-IMG_4757.jpg","","unreviewed",""
"SS-009","IMG_4758.HEIC","image","today-loose-shoot","/Users/jas/Downloads/IMG_4758.HEIC","","2026:07:16 11:51:46","4032","3024","","1304817","718388d35b95eb4053717c00342eaf1aff6bf026daef7f18ba02742a4fce8cdc","","thumbs/009-IMG_4758.jpg","","unreviewed",""
"SS-010","IMG_4759.HEIC","image","today-loose-shoot","/Users/jas/Downloads/IMG_4759.HEIC","","2026:07:16 11:56:05","4032","3024","","1489043","629aea3b0666324ee82ad2e59cff6f29be0c341948e63402f269bcec5965b5e5","","thumbs/010-IMG_4759.jpg","","unreviewed",""
"SS-011","IMG_4760.HEIC","image","today-loose-shoot","/Users/jas/Downloads/IMG_4760.HEIC","","2026:07:16 11:56:26","4032","3024","","1349024","9bf7e8b78911fced2c7b6257d6a74b959873442e1db21096147df9cb67b71395","","thumbs/011-IMG_4760.jpg","","unreviewed",""
"SS-012","IMG_4761.HEIC","image","today-loose-shoot","/Users/jas/Downloads/IMG_4761.HEIC","","2026:07:16 11:56:33","4032","3024","","1388732","e209ef188ea387cecafbebe1962447e4d4a0b20aec046cc6d1e5f99527946a2b","","thumbs/012-IMG_4761.jpg","","unreviewed",""
"SS-013","IMG_4762.HEIC","image","today-loose-shoot","/Users/jas/Downloads/IMG_4762.HEIC","","2026:07:16 11:56:37","4032","3024","","1266828","b1b3c8d8267c93c7e95cadad1e22741179cb4ecd07b7c5b8c4dca35761ec6583","","thumbs/013-IMG_4762.jpg","","unreviewed",""
"SS-014","IMG_4763.HEIC","image","today-loose-shoot","/Users/jas/Downloads/IMG_4763.HEIC","","2026:07:16 11:56:43","4032","3024","","1345319","47153699de47647cfb52a97218209a35caaf4ab76ce62f0974243a52c3df47aa","","thumbs/014-IMG_4763.jpg","","unreviewed",""
"SS-015","IMG_4764.HEIC","image","today-loose-shoot","/Users/jas/Downloads/IMG_4764.HEIC","","2026:07:16 11:56:43","4032","3024","","1314200","e9b97c5844e2c2381154872f4fb3e6b8bf0f025bcedea9079c8aa57334332a2d","","thumbs/015-IMG_4764.jpg","","unreviewed",""
"SS-016","IMG_4766.heic","image","today-loose-shoot","/Users/jas/Downloads/IMG_4766.heic","","2026:07:16 11:57:39","3024","3024","","806405","0fb0ec41176a225b16afb859b8404b43fb2dff5668d072ad1855a9325944aef1","","thumbs/016-IMG_4766.jpg","","unreviewed",""
"SS-017","IMG_4767.heic","image","today-loose-shoot","/Users/jas/Downloads/IMG_4767.heic","","2026:07:16 11:57:42","3024","3024","","778403","c0ea11b0cdc265344e725785f3d740ba5feea0031ec43280e29e16c7212ab66e","","thumbs/017-IMG_4767.jpg","","unreviewed",""
"SS-018","IMG_4768.heic","image","today-loose-shoot","/Users/jas/Downloads/IMG_4768.heic","","2026:07:16 11:57:49","3024","3024","","790117","1f1f4ade600c28ad43ac70285532ac8cdfdddbd7045b49f521aef470523db5ea","","thumbs/018-IMG_4768.jpg","","unreviewed",""
"SS-019","IMG_4769.heic","image","today-loose-shoot","/Users/jas/Downloads/IMG_4769.heic","","2026:07:16 11:57:52","3024","3024","","750211","e0ceaf880732a73de3d98875d60f6cba469a75bc5542a0c294bb98a3398bd551","","thumbs/019-IMG_4769.jpg","","unreviewed",""
"SS-020","IMG_4770.heic","image","today-loose-shoot","/Users/jas/Downloads/IMG_4770.heic","","2026:07:16 11:57:57","3024","3024","","733826","63df762c4f2cb0448f67bbdc9494fdb2d39ee4cfb0acdbbec6b3eaf3ad1ff5c0","","thumbs/020-IMG_4770.jpg","","unreviewed",""
"SS-021","IMG_4771.heic","image","today-loose-shoot","/Users/jas/Downloads/IMG_4771.heic","","2026:07:16 11:58:05","3024","3024","","656362","c4e98b93722f87b2667f921428fc322c7e89c7d5c41e381f6b0256d44d660af5","","thumbs/021-IMG_4771.jpg","","unreviewed",""
"SS-022","IMG_4772.heic","image","today-loose-shoot","/Users/jas/Downloads/IMG_4772.heic","","2026:07:16 11:58:12","3024","3024","","654205","27c51266692b3769e1e79ac6c2dcd6105b3ae3b092f95093da324e81c8968a5a","","thumbs/022-IMG_4772.jpg","","unreviewed",""
"SS-023","IMG_4773.HEIC","image","today-loose-shoot","/Users/jas/Downloads/IMG_4773.HEIC","","2026:07:16 11:58:25","4032","3024","","1199873","7c3ea81ec92fd030cb1430b05e44a168f3d1a22e24f5965c58bee14dc7e99e5a","","thumbs/023-IMG_4773.jpg","","unreviewed",""
"SS-024","IMG_4774.HEIC","image","today-loose-shoot","/Users/jas/Downloads/IMG_4774.HEIC","","2026:07:16 11:58:31","4032","3024","","1187347","40f1a71fb816109749f7517b6c3ed0e77a9b80818f2c9e3db33d557b728d9822","","thumbs/024-IMG_4774.jpg","","unreviewed",""
"SS-025","IMG_4775.HEIC","image","today-loose-shoot","/Users/jas/Downloads/IMG_4775.HEIC","","2026:07:16 11:58:58","4032","3024","","799744","d956f0c756a496f0f8e40478107ed0bd7f68fa4e385103e989dee093a4190abc","","thumbs/025-IMG_4775.jpg","","unreviewed",""
"SS-026","IMG_4776.HEIC","image","today-loose-shoot","/Users/jas/Downloads/IMG_4776.HEIC","","2026:07:16 11:59:00","4032","3024","","1151597","078ace90760a160d74ba39ea823b53e0cee3a7ecb4039160bbefc4bc4dfaf28f","","thumbs/026-IMG_4776.jpg","","unreviewed",""
"SS-027","IMG_4777.HEIC","image","today-loose-shoot","/Users/jas/Downloads/IMG_4777.HEIC","","2026:07:16 11:59:31","4032","3024","","687123","18761cb192e4b687fcce3d444f42ed05f2a36c06b6a96d5362ec85818af754ce","","thumbs/027-IMG_4777.jpg","","unreviewed",""
"SS-028","IMG_4778.HEIC","image","today-loose-shoot","/Users/jas/Downloads/IMG_4778.HEIC","","2026:07:16 11:59:47","4032","3024","","996424","bc9991a7ccaed50012a64723296339cde6b5ea5f1e618f51168f27b806c09f25","","thumbs/028-IMG_4778.jpg","","unreviewed",""
"SS-029","IMG_4779.HEIC","image","today-loose-shoot","/Users/jas/Downloads/IMG_4779.HEIC","","2026:07:16 11:59:49","4032","3024","","894849","9352de7263a8140ad792d3568957543886c659dc246da16d4d6db79d08733296","","thumbs/029-IMG_4779.jpg","","unreviewed",""
"SS-030","IMG_4780.HEIC","image","today-loose-shoot","/Users/jas/Downloads/IMG_4780.HEIC","","2026:07:16 11:59:50","4032","3024","","835450","634f874405b682597665f1aede4bd593ed31a63bcb9ca59d53189bbc1fe73af0","","thumbs/030-IMG_4780.jpg","","unreviewed",""
"SS-031","IMG_4781.HEIC","image","today-loose-shoot","/Users/jas/Downloads/IMG_4781.HEIC","","2026:07:16 11:59:55","4032","3024","","871368","d7ca3bc5ab2833a2c1fbdcbe1e45f370c71d4549f4c1fc320abad47e154a4771","","thumbs/031-IMG_4781.jpg","","unreviewed",""
"SS-032","IMG_4782.HEIC","image","today-loose-shoot","/Users/jas/Downloads/IMG_4782.HEIC","","2026:07:16 12:00:50","4032","3024","","987303","663473ced76b624981af8a3ace763362dc95ae5f6cf849c207a80a062df55811","","thumbs/032-IMG_4782.jpg","","unreviewed",""
"SS-033","IMG_4783.HEIC","image","today-loose-shoot","/Users/jas/Downloads/IMG_4783.HEIC","","2026:07:16 12:00:54","4032","3024","","928389","465b72a5c4a0253adcf002b38e34f23b454b75a1d2fce6594a2be0648028c3c0","","thumbs/033-IMG_4783.jpg","","unreviewed",""
"SS-034","IMG_4784.HEIC","image","today-loose-shoot","/Users/jas/Downloads/IMG_4784.HEIC","","2026:07:16 12:01:29","4032","3024","","1278198","ceb300e4dfdc74ca5a6c19ffcdd6eb13ee4954d122f8068213eda60c59024d9c","","thumbs/034-IMG_4784.jpg","","unreviewed",""
"SS-035","IMG_4785.HEIC","image","today-loose-shoot","/Users/jas/Downloads/IMG_4785.HEIC","","2026:07:16 12:01:30","4032","3024","","1292706","095a23b15117b6e3eb39ed887eeda3f723a55c57d1910328ec2d1067b8e1b7ff","","thumbs/035-IMG_4785.jpg","","unreviewed",""
"SS-036","IMG_4786.HEIC","image","today-loose-shoot","/Users/jas/Downloads/IMG_4786.HEIC","","2026:07:16 12:01:35","4032","3024","","1263352","ffbe6dba345cb3d9ae1f126ed2863cc0daef3897c0695c4486d946b462a557d5","","thumbs/036-IMG_4786.jpg","","unreviewed",""
"SS-037","IMG_4787.HEIC","image","today-loose-shoot","/Users/jas/Downloads/IMG_4787.HEIC","","2026:07:16 12:01:45","4032","3024","","1302948","a3abe5c860d5988aad5e000d2305632948522ba5e772cd34aa00f2f8c99d6cbc","","thumbs/037-IMG_4787.jpg","","unreviewed",""
"SS-038","IMG_4788.HEIC","image","today-loose-shoot","/Users/jas/Downloads/IMG_4788.HEIC","","2026:07:16 12:01:47","4032","3024","","1305092","b6f785dbd9cee61a04aea481f41d1d16a182529d48eeb78e1aa12d0fa0a188ae","","thumbs/038-IMG_4788.jpg","","unreviewed",""
"SS-039","IMG_4789.HEIC","image","today-loose-shoot","/Users/jas/Downloads/IMG_4789.HEIC","","2026:07:16 12:01:55","4032","3024","","1263768","88f92983c44f5f51f65a06ab220c01f97d73b25d282f556bf77f147fa0819fb4","","thumbs/039-IMG_4789.jpg","","unreviewed",""
"SS-040","IMG_4790.heic","image","today-loose-shoot","/Users/jas/Downloads/IMG_4790.heic","","2026:07:16 12:02:26","3024","3024","","929214","97131905a51be7f8e4153e51528b53454eb3184852bdee66fd43ae5fa9af8eae","","thumbs/040-IMG_4790.jpg","","unreviewed",""
"SS-041","IMG_4791.heic","image","today-loose-shoot","/Users/jas/Downloads/IMG_4791.heic","","2026:07:16 12:02:29","3024","3024","","842228","6f7cb2130c468f2f78f69ba8e605b511e40f159170f01af4c490b753d51ffa2b","","thumbs/041-IMG_4791.jpg","","unreviewed",""
"SS-042","IMG_4792.heic","image","today-loose-shoot","/Users/jas/Downloads/IMG_4792.heic","","2026:07:16 12:02:35","3024","3024","","812147","616e2a6068629ccb6b6513327014499fbdb1a3aae7b488bde8dfea4e4c7d6fbe","","thumbs/042-IMG_4792.jpg","","unreviewed",""
"SS-043","IMG_4793.heic","image","today-loose-shoot","/Users/jas/Downloads/IMG_4793.heic","","2026:07:16 12:02:42","3024","3024","","809117","307ded6af199adc3b6da1016a148924b9475a64e3967fcedeee0a97d6f5f76c0","","thumbs/043-IMG_4793.jpg","","unreviewed",""
"SS-044","IMG_4794.heic","image","today-loose-shoot","/Users/jas/Downloads/IMG_4794.heic","","2026:07:16 12:02:52","3024","3024","","999284","676e5387662983aca342cac1f59fa57be9a940d7944dff61ffde91d9c36f0c9a","","thumbs/044-IMG_4794.jpg","","unreviewed",""
"SS-045","IMG_4795.heic","image","today-loose-shoot","/Users/jas/Downloads/IMG_4795.heic","","2026:07:16 12:03:00","3024","3024","","960899","6878432ce4a6117ff96845f19b2d80fe57397c2300591cea99b661ac385848d3","","thumbs/045-IMG_4795.jpg","","unreviewed",""
"SS-046","IMG_4796.heic","image","today-loose-shoot","/Users/jas/Downloads/IMG_4796.heic","","2026:07:16 12:03:01","3024","3024","","945522","36eab721efa90232b88be615cd390f101cc736eff81f41f24bcd85ce80e29cde","","thumbs/046-IMG_4796.jpg","","unreviewed",""
"SS-047","IMG_4797.heic","image","today-loose-shoot","/Users/jas/Downloads/IMG_4797.heic","","2026:07:16 12:03:14","3024","3024","","835025","252a2d69f0d4af40846f40dacd6e6961334e13b1a7fd322733156fc51664aea1","","thumbs/047-IMG_4797.jpg","","unreviewed",""
"SS-048","IMG_4798.heic","image","today-loose-shoot","/Users/jas/Downloads/IMG_4798.heic","","2026:07:16 12:03:22","3024","3024","","830136","83ddf409896c06f211a8ddc33f5b70d64e15d7d20afa0063b70abbe295cbf0d6","","thumbs/048-IMG_4798.jpg","","unreviewed",""
"SS-049","IMG_4799.heic","image","today-loose-shoot","/Users/jas/Downloads/IMG_4799.heic","","2026:07:16 12:04:46","3024","3024","","918211","5fa18971c7da935e583526a1ca1ed949b99187a7003c9a871c5317b16aa36741","","thumbs/049-IMG_4799.jpg","","unreviewed",""
"SS-050","IMG_4800.heic","image","today-loose-shoot","/Users/jas/Downloads/IMG_4800.heic","","2026:07:16 12:04:54","3024","3024","","842744","ffab4371dee300fe4deec58bf17b641d06cff1fd249445436fe53248f6d1dce0","","thumbs/050-IMG_4800.jpg","","unreviewed",""
"SS-051","IMG_4801.HEIC","image","today-loose-shoot","/Users/jas/Downloads/IMG_4801.HEIC","","2026:07:16 12:05:17","4032","3024","","1605660","3da20cbd5fef2d6002e728558c80be36da58ab41f55ac5ee25a126bc1e8b8da5","","thumbs/051-IMG_4801.jpg","","unreviewed",""
"SS-052","IMG_4802.HEIC","image","today-loose-shoot","/Users/jas/Downloads/IMG_4802.HEIC","","2026:07:16 12:05:44","4032","3024","","1460436","457fb7e72f8c9aaf73dcad99abc739316ca248cd811b19b34c0c128206485d08","","thumbs/052-IMG_4802.jpg","","unreviewed",""
"SS-053","IMG_4803.HEIC","image","today-loose-shoot","/Users/jas/Downloads/IMG_4803.HEIC","","2026:07:16 12:05:47","4032","3024","","1323445","08aaf75448c4bba583c5d8280b7695fe440b06304c5b813fda048684518ffcd2","","thumbs/053-IMG_4803.jpg","","unreviewed",""
"SS-054","IMG_4804.HEIC","image","today-loose-shoot","/Users/jas/Downloads/IMG_4804.HEIC","","2026:07:16 12:06:55","4032","3024","","1329508","eb48d6bc6ae450b170906ae66379ca69d60cb82e6ee7414ab3c546b9351a21f1","","thumbs/054-IMG_4804.jpg","","unreviewed",""
"SS-055","IMG_4805.HEIC","image","today-loose-shoot","/Users/jas/Downloads/IMG_4805.HEIC","","2026:07:16 12:06:55","4032","3024","","1337273","b962773f4b70fa2339f37922725440ac8544d327ecb61840fe229283520ecc10","","thumbs/055-IMG_4805.jpg","","unreviewed",""
"SS-056","IMG_4806.HEIC","image","today-loose-shoot","/Users/jas/Downloads/IMG_4806.HEIC","","2026:07:16 12:07:04","4032","3024","","1286426","6c51ce0c90dbe36af7a134e0f67d16586289265649b13e767eae518a620e22a0","","thumbs/056-IMG_4806.jpg","","unreviewed",""
"SS-057","IMG_4807.HEIC","image","today-loose-shoot","/Users/jas/Downloads/IMG_4807.HEIC","","2026:07:16 12:07:08","4032","3024","","1318064","0b12618dd6f9fcb722f094224ad870c79b7c7b563f32201941432e8269c95ade","","thumbs/057-IMG_4807.jpg","","unreviewed",""
"SS-058","IMG_4808.heic","image","today-loose-shoot","/Users/jas/Downloads/IMG_4808.heic","","2026:07:16 12:07:44","2268","4032","","1074623","8428e8e1a1909735908752370e01a361569b57bab54270d6b7ac150267722940","","thumbs/058-IMG_4808.jpg","","unreviewed",""
"SS-059","IMG_4809.heic","image","today-loose-shoot","/Users/jas/Downloads/IMG_4809.heic","","2026:07:16 12:07:51","2268","4032","","1053378","83dfcd7ac033c8e52ac571d2ac1976f9d50034ddd6cd43ad22ca486057c27d6e","","thumbs/059-IMG_4809.jpg","","unreviewed",""
"SS-060","IMG_4810.heic","image","today-loose-shoot","/Users/jas/Downloads/IMG_4810.heic","","2026:07:16 12:07:54","2268","4032","","1080741","e3d0f03815d66ecf868fd89b97eb9f3d220967a9e2bac2b5921308e874f5b52e","","thumbs/060-IMG_4810.jpg","","unreviewed",""
"SS-061","IMG_4811.heic","image","today-loose-shoot","/Users/jas/Downloads/IMG_4811.heic","","2026:07:16 12:07:56","2268","4032","","1160322","605c9d62d234da09fca6e04a0b6e3e6f0eb8b61bbd01a8f1741e8d37687ae0ab","","thumbs/061-IMG_4811.jpg","","unreviewed",""
"SS-062","IMG_4812.heic","image","today-loose-shoot","/Users/jas/Downloads/IMG_4812.heic","","2026:07:16 12:13:21","3024","3024","","1080375","aeffd1efa8efdf2daa7de9259dfa56fb7c36ff9c70d05b203f3bf783109cedba","","thumbs/062-IMG_4812.jpg","","unreviewed",""
"SS-063","IMG_4813.heic","image","today-loose-shoot","/Users/jas/Downloads/IMG_4813.heic","","2026:07:16 12:14:47","3024","3024","","1017207","6d49464b84944b3c423596a1c07ab99cb849e99655bccfde56b4164604979f75","","thumbs/063-IMG_4813.jpg","","unreviewed",""
"SS-064","IMG_4814.heic","image","today-loose-shoot","/Users/jas/Downloads/IMG_4814.heic","","2026:07:16 12:17:22","3024","3024","","1024198","36662937e069c449097a96d1fcb838b145258ba9c6128258b6690b428b9002e1","","thumbs/064-IMG_4814.jpg","","unreviewed",""
"SS-065","IMG_4815.heic","image","today-loose-shoot","/Users/jas/Downloads/IMG_4815.heic","","2026:07:16 12:17:28","3024","3024","","1021253","633df39a63623f884d8d144339900bef5b4f4fa237c1a9e5002fb1f36271c037","","thumbs/065-IMG_4815.jpg","","unreviewed",""
"SS-066","IMG_4816.heic","image","today-loose-shoot","/Users/jas/Downloads/IMG_4816.heic","","2026:07:16 12:17:36","3024","3024","","1050090","2914eb557909b06890d72202f867ee1494b3cd167aa7ae17317b9b9f39e17f3f","","thumbs/066-IMG_4816.jpg","","unreviewed",""
"SS-067","IMG_4817.heic","image","today-loose-shoot","/Users/jas/Downloads/IMG_4817.heic","","2026:07:16 12:17:42","3024","3024","","1047393","5de225efa26ddf524576b4a65aa098835e0979c1c711816a184b420fbee8679d","","thumbs/067-IMG_4817.jpg","","unreviewed",""
"SS-068","IMG_4818.heic","image","today-loose-shoot","/Users/jas/Downloads/IMG_4818.heic","","2026:07:16 12:18:07","3024","3024","","1109572","943f3bf3bed6c0a95cfce838c747fd9873fbd5aca782f3cc461a00405269566d","","thumbs/068-IMG_4818.jpg","","unreviewed",""
"SS-069","IMG_4819.heic","image","today-loose-shoot","/Users/jas/Downloads/IMG_4819.heic","","2026:07:16 12:18:16","3024","3024","","1169038","5efef7df55c8760a35d2ca28f4dac5a71e2a287dbf55ee5f3db4cceaace1b28d","","thumbs/069-IMG_4819.jpg","","unreviewed",""
"SS-070","IMG_4820.heic","image","today-loose-shoot","/Users/jas/Downloads/IMG_4820.heic","","2026:07:16 12:18:17","3024","3024","","1141368","82c2a4975038f2ef63524c921f4af83f2c179675d9e736cea589993a08e90167","","thumbs/070-IMG_4820.jpg","","unreviewed",""
"SS-071","IMG_4821.heic","image","today-loose-shoot","/Users/jas/Downloads/IMG_4821.heic","","2026:07:16 12:18:48","3024","3024","","1190975","51c94a262f4fdd2c3c331d8af504e1c0335898d41091199123663e7fa082448e","","thumbs/071-IMG_4821.jpg","","unreviewed",""
"SS-072","IMG_4822.heic","image","today-loose-shoot","/Users/jas/Downloads/IMG_4822.heic","","2026:07:16 12:18:50","3024","3024","","1204069","6a745a602f3ad1d1c852a7e065df9cc76508c5cfe9b53a640b70c35e3b547690","","thumbs/072-IMG_4822.jpg","","unreviewed",""
"SS-073","IMG_4823.heic","image","today-loose-shoot","/Users/jas/Downloads/IMG_4823.heic","","2026:07:16 12:18:53","3024","3024","","1121177","fee864e47af73611db1103613ef2c81c37ab6ed582ca36ae8b612166aebba668","","thumbs/073-IMG_4823.jpg","","unreviewed",""
"SS-074","IMG_4824.heic","image","today-loose-shoot","/Users/jas/Downloads/IMG_4824.heic","","2026:07:16 12:18:54","3024","3024","","1139634","0b72a46e7886e210ec64f80abe11123ab77747a4a0ded6a74105733c22ec616d","","thumbs/074-IMG_4824.jpg","","unreviewed",""
"SS-075","IMG_4825.heic","image","today-loose-shoot","/Users/jas/Downloads/IMG_4825.heic","","2026:07:16 12:19:18","3024","3024","","1400402","999ad398dd7503fa7728fa3dd2d092c479be1ba1c27cf964598561d01f703acb","","thumbs/075-IMG_4825.jpg","","unreviewed",""
"SS-076","IMG_4826.HEIC","image","today-loose-shoot","/Users/jas/Downloads/IMG_4826.HEIC","","2026:07:16 12:19:25","4032","3024","","1713495","eb8659c9f319b08398eb2e4661e860a0067be5410a29a296d68eb7495a83e5d4","","thumbs/076-IMG_4826.jpg","","unreviewed",""
"SS-077","IMG_4827.HEIC","image","today-loose-shoot","/Users/jas/Downloads/IMG_4827.HEIC","","2026:07:16 12:19:36","4032","3024","","1662900","d38e129f44fd1f9dc2ae4b268d6b674e17ebac8732ec26efb70639e194f4ba29","","thumbs/077-IMG_4827.jpg","","unreviewed",""
"SS-078","IMG_4828.HEIC","image","today-loose-shoot","/Users/jas/Downloads/IMG_4828.HEIC","","2026:07:16 12:20:00","4032","3024","","1336641","f100919e2865d1845959f0ba45dc764a3fe56d04a27a62e53da016fe8273929e","","thumbs/078-IMG_4828.jpg","","unreviewed",""
"SS-079","IMG_4829.HEIC","image","today-loose-shoot","/Users/jas/Downloads/IMG_4829.HEIC","","2026:07:16 12:21:54","4032","3024","","1234098","da14c1c7e5395572ce5fb4e305a6460dcae36faa93c99f889c11ac216b1d1af2","","thumbs/079-IMG_4829.jpg","","unreviewed",""
"SS-080","IMG_4830.HEIC","image","today-loose-shoot","/Users/jas/Downloads/IMG_4830.HEIC","","2026:07:16 12:22:03","4032","3024","","1277520","ec5b09507abbf72af5bcd28c7ad4424a6cffa9610a9303092cf1f9fd57270b1a","","thumbs/080-IMG_4830.jpg","","unreviewed",""
"SS-081","IMG_4831.HEIC","image","today-loose-shoot","/Users/jas/Downloads/IMG_4831.HEIC","","2026:07:16 12:22:47","4032","3024","","1736032","bd8bbb82226546416b24b547969da1d5a88ced17144f1cb0928f0d22b00915de","","thumbs/081-IMG_4831.jpg","","unreviewed",""
"SS-082","IMG_4832.HEIC","image","today-loose-shoot","/Users/jas/Downloads/IMG_4832.HEIC","","2026:07:16 12:23:24","4032","3024","","1251264","cbbdaf596c8dc694578ebf6011e5d6f3d41c8293c65e9364a42a2e2bec9a1eec","","thumbs/082-IMG_4832.jpg","","unreviewed",""
"SS-083","IMG_4833.HEIC","image","today-loose-shoot","/Users/jas/Downloads/IMG_4833.HEIC","","2026:07:16 12:23:25","4032","3024","","1214752","ccb1524fb24e1e13c1c3c31bbfa0dbbde33ac566f089414505a4f05df98660ae","","thumbs/083-IMG_4833.jpg","","unreviewed",""
"SS-084","IMG_4834.HEIC","image","today-loose-shoot","/Users/jas/Downloads/IMG_4834.HEIC","","2026:07:16 12:23:28","4032","3024","","1256098","db5c0496e0012a053fc01353aa3c85d249e34c6c4de75996b5b112b1e94e0ab2","","thumbs/084-IMG_4834.jpg","","unreviewed",""
"SS-085","IMG_4835.HEIC","image","today-loose-shoot","/Users/jas/Downloads/IMG_4835.HEIC","","2026:07:16 12:23:58","4032","3024","","1041235","b5e0fac89399fa8442fe9da4348f00735cf32d2df7d777a4ec9ddf025e8c6066","","thumbs/085-IMG_4835.jpg","","unreviewed",""
"SS-086","IMG_4836.HEIC","image","today-loose-shoot","/Users/jas/Downloads/IMG_4836.HEIC","","2026:07:16 12:24:01","4032","3024","","1070011","db12c20d58e03c221354771920e4925575306d2cfd13f3c17ca585cb68c4d03b","","thumbs/086-IMG_4836.jpg","","unreviewed",""
"SS-087","IMG_4837.HEIC","image","today-loose-shoot","/Users/jas/Downloads/IMG_4837.HEIC","","2026:07:16 12:24:12","4032","3024","","1184397","e5b8fb7c84c929d6bed3bbeb78c84394b31ea7d3f0cc5df850e6e7436bb5223a","","thumbs/087-IMG_4837.jpg","","unreviewed",""
"SS-088","IMG_4838.HEIC","image","today-loose-shoot","/Users/jas/Downloads/IMG_4838.HEIC","","2026:07:16 12:26:06","4032","3024","","1622892","9a2b62dd5b874db2ba8c05398992528006ddec3cdd0b9d7b9fe1ac513d643b56","","thumbs/088-IMG_4838.jpg","","unreviewed",""
"SS-089","IMG_4839.HEIC","image","today-loose-shoot","/Users/jas/Downloads/IMG_4839.HEIC","","2026:07:16 12:26:15","4032","3024","","1301768","f0da09cd358971f7918fe6cedae8e87a392c94f378cef1a3b3416a1acbc786ec","","thumbs/089-IMG_4839.jpg","","unreviewed",""
"SS-090","IMG_4840.HEIC","image","today-loose-shoot","/Users/jas/Downloads/IMG_4840.HEIC","","2026:07:16 12:26:35","4032","3024","","1405887","b2c67a038364aa1c3983d6520b2897d0acbf6dc7f1e1ea55159e8536793668b9","","thumbs/090-IMG_4840.jpg","","unreviewed",""
"SS-091","IMG_4841.HEIC","image","today-loose-shoot","/Users/jas/Downloads/IMG_4841.HEIC","","2026:07:16 12:26:39","4032","3024","","1424603","d6acf2a5ba0140667d9f700b607b188f93be472d3d7b73a018531e3e18d2f270","","thumbs/091-IMG_4841.jpg","","unreviewed",""
"SS-092","IMG_4842.HEIC","image","today-loose-shoot","/Users/jas/Downloads/IMG_4842.HEIC","","2026:07:16 12:26:57","4032","3024","","1619765","017c4d9db4b416f91c6a163a6ec79c9eeebaf1e36edb792be3b7669ac9d96f5e","","thumbs/092-IMG_4842.jpg","","unreviewed",""
"SS-093","IMG_4844.HEIC","image","today-loose-shoot","/Users/jas/Downloads/IMG_4844.HEIC","","2026:07:16 12:27:01","4032","3024","","1758496","0861a1f80990ab3340277106141762e00c0f20ca6a6bdc91bd36d1f79732adf5","","thumbs/093-IMG_4844.jpg","","unreviewed",""
"SS-094","IMG_4845.HEIC","image","today-loose-shoot","/Users/jas/Downloads/IMG_4845.HEIC","","2026:07:16 12:54:11","4032","3024","","1290029","45ce450525f6f46a8221a43c7a7c1695d55dfc5ac14ab713964932a875fe8c6b","","thumbs/094-IMG_4845.jpg","","unreviewed",""
"SS-095","IMG_4846.HEIC","image","today-loose-shoot","/Users/jas/Downloads/IMG_4846.HEIC","","2026:07:16 12:54:17","4032","3024","","1444174","f7ebf16067019b3fdeae47176024ee871c22b1e074e46562a1fc5b956e6825d2","","thumbs/095-IMG_4846.jpg","","unreviewed",""
"SS-096","IMG_4847.HEIC","image","today-loose-shoot","/Users/jas/Downloads/IMG_4847.HEIC","","2026:07:16 12:54:25","4032","3024","","1464531","c9c81ff7c423e7a26966690cfc131e71cf8f55bc171cbf50ea05df76df16abec","","thumbs/096-IMG_4847.jpg","","unreviewed",""
"SS-097","IMG_4848.HEIC","image","today-loose-shoot","/Users/jas/Downloads/IMG_4848.HEIC","","2026:07:16 12:54:55","4032","3024","","1471357","ab9b53d3a7509ea07af9c71a8751442a674d837e0aec8c44efeb0e8a464ac43d","","thumbs/097-IMG_4848.jpg","","unreviewed",""
"SS-098","IMG_4849.HEIC","image","today-loose-shoot","/Users/jas/Downloads/IMG_4849.HEIC","","2026:07:16 12:55:19","4032","3024","","1445546","d2a5791bd35284ab086a7353673740ffb06b47cc83b33d6e6ee98e76a688045b","","thumbs/098-IMG_4849.jpg","","unreviewed",""
"SS-099","IMG_4850.HEIC","image","today-loose-shoot","/Users/jas/Downloads/IMG_4850.HEIC","","2026:07:16 12:55:22","4032","3024","","1358556","161c2bb2a178fc6a8fed95d749be2c6a1653b6c3041540dd5ec64bf939aaf9bf","","thumbs/099-IMG_4850.jpg","","unreviewed",""
"SS-100","IMG_4851.HEIC","image","today-loose-shoot","/Users/jas/Downloads/IMG_4851.HEIC","","2026:07:16 12:55:50","4032","3024","","898935","a692b88ffc1ad0e69e512849d4365a71e52988c9945c824bad375ee6e6885dca","","thumbs/100-IMG_4851.jpg","","unreviewed",""
"SS-101","IMG_4852.HEIC","image","today-loose-shoot","/Users/jas/Downloads/IMG_4852.HEIC","","2026:07:16 12:55:51","4032","3024","","901868","76b2cb34b4da892e5068839ca4db4e52ed469c5df86cd2109fadf097301585b4","","thumbs/101-IMG_4852.jpg","","unreviewed",""
"SS-102","IMG_4853.HEIC","image","today-loose-shoot","/Users/jas/Downloads/IMG_4853.HEIC","","2026:07:16 12:56:00","4032","3024","","804130","db7ab751a10c284ed1ad083a556e92c13778b765d790ab1601670fcc2ff13120","","thumbs/102-IMG_4853.jpg","","unreviewed",""
"SS-103","IMG_4854.HEIC","image","today-loose-shoot","/Users/jas/Downloads/IMG_4854.HEIC","","2026:07:16 12:56:02","4032","3024","","787168","826421aae0a97e6f9bd98df2acc4509fc095f9eda03c04c9d833a2492f68f211","","thumbs/103-IMG_4854.jpg","","unreviewed",""
"SS-104","IMG_4855.HEIC","image","today-loose-shoot","/Users/jas/Downloads/IMG_4855.HEIC","","2026:07:16 12:57:08","4032","3024","","915384","56726a56a845b8db95d1718e39f93b195a20c7ac87b01e4b7bb1c29efc84da14","","thumbs/104-IMG_4855.jpg","","unreviewed",""
"SS-105","IMG_4856.HEIC","image","today-loose-shoot","/Users/jas/Downloads/IMG_4856.HEIC","","2026:07:16 12:57:13","4032","3024","","911612","7de2ef2b1e487631914e7051ec60c39bfe92d5f81ae6716d3e9713a5bdc56ca0","","thumbs/105-IMG_4856.jpg","","unreviewed",""
"SS-106","IMG_4857.HEIC","image","today-loose-shoot","/Users/jas/Downloads/IMG_4857.HEIC","","2026:07:16 12:57:13","4032","3024","","902259","0d778f966d9c490a6f5628186a890d625a3b7ae4d9eb6afe5f6a011ed8942e1f","","thumbs/106-IMG_4857.jpg","","unreviewed",""
"SS-107","IMG_4858.HEIC","image","today-loose-shoot","/Users/jas/Downloads/IMG_4858.HEIC","","2026:07:16 12:57:31","4032","3024","","894304","5e75c69e0c6c06b14dda6653789e1d47cd9ff7b57bc02af43fb18c0f125cdd60","","thumbs/107-IMG_4858.jpg","","unreviewed",""
"SS-108","IMG_4859.HEIC","image","today-loose-shoot","/Users/jas/Downloads/IMG_4859.HEIC","","2026:07:16 12:57:35","4032","3024","","866357","400b669d3bba1db86224c26089d1194c7070866875926249325e0aa9f65b4fa0","","thumbs/108-IMG_4859.jpg","","unreviewed",""
"SS-109","IMG_4860.HEIC","image","today-loose-shoot","/Users/jas/Downloads/IMG_4860.HEIC","","2026:07:16 12:57:45","4032","3024","","885997","7f869d6da6aecc7b089ce7af2437c7d07ce0dd3e8a6a0589a8d417522a2b0c82","","thumbs/109-IMG_4860.jpg","","unreviewed",""
"SS-110","IMG_4861.HEIC","image","today-loose-shoot","/Users/jas/Downloads/IMG_4861.HEIC","","2026:07:16 12:58:55","4032","3024","","1027367","46341201fad742620f85fd0ae5d8ccc21d3f43a8fa1f33eeda29d92b53c2361b","","thumbs/110-IMG_4861.jpg","","unreviewed",""
"SS-111","IMG_4862.HEIC","image","today-loose-shoot","/Users/jas/Downloads/IMG_4862.HEIC","","2026:07:16 12:58:57","4032","3024","","1032559","0cbb843e0283b7681aeef7466359108240862e1b28c21b2e0ae303e25b10f6cf","","thumbs/111-IMG_4862.jpg","","unreviewed",""
"SS-112","IMG_4863.HEIC","image","today-loose-shoot","/Users/jas/Downloads/IMG_4863.HEIC","","2026:07:16 12:59:14","4032","3024","","1312745","7959b4559702248c53564d53b99c83bbb2780e4ad5861b46e7a5878c42ee00fa","","thumbs/112-IMG_4863.jpg","","unreviewed",""
"SS-113","IMG_4864.HEIC","image","today-loose-shoot","/Users/jas/Downloads/IMG_4864.HEIC","","2026:07:16 12:59:33","4032","3024","","1900287","976f7afa216b5faf79fc184d38b32c2cedb8a425e9f810ef3bf4a52f9b14e6ab","","thumbs/113-IMG_4864.jpg","","unreviewed",""
"SS-114","IMG_4865.HEIC","image","today-loose-shoot","/Users/jas/Downloads/IMG_4865.HEIC","","2026:07:16 12:59:35","4032","3024","","1876530","5b45921adc49357c999cdce7f669129f530db0b38705c55442bb8c8618551874","","thumbs/114-IMG_4865.jpg","","unreviewed",""
"SS-115","IMG_4866.HEIC","image","today-loose-shoot","/Users/jas/Downloads/IMG_4866.HEIC","","2026:07:16 12:59:59","4032","3024","","1096351","e3ef4fddb5f173f7c7c2493df96bbf7bb6e16b98a56b01c29a66ba5e6b878231","","thumbs/115-IMG_4866.jpg","","unreviewed",""
"SS-116","IMG_4867.HEIC","image","today-loose-shoot","/Users/jas/Downloads/IMG_4867.HEIC","","2026:07:16 13:00:18","4032","3024","","1028042","db0aef98773f0e9984c16ee0a21e39455966b2113ed28f2e6d55c97e447d73c8","","thumbs/116-IMG_4867.jpg","","unreviewed",""
"SS-117","IMG_4868.HEIC","image","today-loose-shoot","/Users/jas/Downloads/IMG_4868.HEIC","","2026:07:16 13:00:21","4032","3024","","619222","67b1d28fbb76a4c6b6e9b2dee05c77b010cab6823172f505bc35bcbec689cb3f","","thumbs/117-IMG_4868.jpg","","unreviewed",""
"SS-118","IMG_4869.HEIC","image","today-loose-shoot","/Users/jas/Downloads/IMG_4869.HEIC","","2026:07:16 13:00:28","4032","3024","","776901","637455ad5ce3c56ce4f97321ea4cc92fdeeb541ff89344fdfc126db73b51d36a","","thumbs/118-IMG_4869.jpg","","unreviewed",""
"SS-119","IMG_4870.HEIC","image","today-loose-shoot","/Users/jas/Downloads/IMG_4870.HEIC","","2026:07:16 13:00:58","4032","3024","","1124310","eb0e08419aa34efe01787c33702e3a46af003b939cc746cb0a9760cda2b12eb0","","thumbs/119-IMG_4870.jpg","","unreviewed",""
"SS-120","IMG_4871.HEIC","image","today-loose-shoot","/Users/jas/Downloads/IMG_4871.HEIC","","2026:07:16 13:01:24","4032","3024","","1252482","b04577aca7f0537ff5d52bd0e738bc7589c4f039adcd437283912c9803b0d464","","thumbs/120-IMG_4871.jpg","","unreviewed",""
"SS-121","IMG_4872.HEIC","image","today-loose-shoot","/Users/jas/Downloads/IMG_4872.HEIC","","2026:07:16 13:01:44","4032","3024","","1325349","c6f1c3beb41b8f10ad4a77089f5e933015cf7b1968c6188faf9282c9479fce59","","thumbs/121-IMG_4872.jpg","","unreviewed",""
"SS-122","IMG_4873.HEIC","image","today-loose-shoot","/Users/jas/Downloads/IMG_4873.HEIC","","2026:07:16 13:01:55","4032","3024","","1155915","a500005b1bd428a4dc6fae339b866d6c6b8e62430e935b4d2ec0603a9f095ebe","","thumbs/122-IMG_4873.jpg","","unreviewed",""
"SS-123","IMG_4874.heic","image","today-loose-shoot","/Users/jas/Downloads/IMG_4874.heic","","2026:07:16 13:02:15","3024","3024","","1060425","3f722de9058a470359063d18eff830ddd50feb2cbdca5a25a9dd26fc51e66f8a","","thumbs/123-IMG_4874.jpg","","unreviewed",""
"SS-124","IMG_4875.heic","image","today-loose-shoot","/Users/jas/Downloads/IMG_4875.heic","","2026:07:16 13:02:22","3024","3024","","1068002","06e85f7663c920d432b93b147561ed65a5d2c5b70f62ccb2df405fe83afa8ce9","","thumbs/124-IMG_4875.jpg","","unreviewed",""
"SS-125","IMG_4876.heic","image","today-loose-shoot","/Users/jas/Downloads/IMG_4876.heic","","2026:07:16 13:02:45","3024","3024","","1033564","3650fa6cf077e718d56c33e3511457e3530940fd5adfcd6d11310eff693c0094","","thumbs/125-IMG_4876.jpg","","unreviewed",""
"SS-126","IMG_4877.heic","image","today-loose-shoot","/Users/jas/Downloads/IMG_4877.heic","","2026:07:16 13:02:49","3024","3024","","1362604","3f48ffdeeb0d3c625b53827eeca6bde373415a61629fe60b81eccbc69cb6abe1","","thumbs/126-IMG_4877.jpg","","unreviewed",""
"SS-127","IMG_4878.HEIC","image","today-loose-shoot","/Users/jas/Downloads/IMG_4878.HEIC","","2026:07:16 13:03:01","4032","3024","","1305625","6e663f89c76041395e6f1c9b1e39f3db530ce2f304f0fe96a92f78dd16442a6f","","thumbs/127-IMG_4878.jpg","","unreviewed",""
"SS-128","IMG_4879.HEIC","image","today-loose-shoot","/Users/jas/Downloads/IMG_4879.HEIC","","2026:07:16 13:03:33","4032","3024","","1303196","511965a07b944360ab8ad71156e7f8c6479b4e94168909da19c43aa2b7e98e14","","thumbs/128-IMG_4879.jpg","","unreviewed",""
"SS-129","IMG_4880.HEIC","image","today-loose-shoot","/Users/jas/Downloads/IMG_4880.HEIC","","2026:07:16 13:03:42","4032","3024","","1299915","41d0e4a5b76aa1ea227096bb4f7843ff8d8b18a73a6d3a39c3bd6c61eaa68efb","","thumbs/129-IMG_4880.jpg","","unreviewed",""
"SS-130","IMG_4881.HEIC","image","today-loose-shoot","/Users/jas/Downloads/IMG_4881.HEIC","","2026:07:16 13:03:48","4032","3024","","1609633","ec359865087f892753de9f8d2823ce97dffcb821dbbe036611d448a0945cdbee","","thumbs/130-IMG_4881.jpg","","unreviewed",""
"SS-131","IMG_4882.HEIC","image","today-loose-shoot","/Users/jas/Downloads/IMG_4882.HEIC","","2026:07:16 13:03:59","4032","3024","","1485590","46146266c6c7e7689f2bae7e0d402913b54e71e5e4b718e30868c759af06949e","","thumbs/131-IMG_4882.jpg","","unreviewed",""
"SS-132","IMG_4883.HEIC","image","today-loose-shoot","/Users/jas/Downloads/IMG_4883.HEIC","","2026:07:16 13:04:23","4032","3024","","961696","d2cd9a20515387b1d0b280453fa41857d1926d9861181941adfc85de2fa5924e","","thumbs/132-IMG_4883.jpg","","unreviewed",""
"SS-133","IMG_4884.HEIC","image","today-loose-shoot","/Users/jas/Downloads/IMG_4884.HEIC","","2026:07:16 13:04:31","4032","3024","","962833","a0ae22e667e7acd378c583e3bb7ee49e1bf9dfe195423400b91863ca8c2b247a","","thumbs/133-IMG_4884.jpg","","unreviewed",""
"SS-134","IMG_4885.HEIC","image","today-loose-shoot","/Users/jas/Downloads/IMG_4885.HEIC","","2026:07:16 13:04:41","4032","3024","","988847","a7c44c4c38b7a5ffdbc7606d42cf1edf54d03c2bd1e731aec18f6ca84700adab","","thumbs/134-IMG_4885.jpg","","unreviewed",""
"SS-135","IMG_4886.HEIC","image","today-loose-shoot","/Users/jas/Downloads/IMG_4886.HEIC","","2026:07:16 13:04:49","4032","3024","","1357871","5a732abb4c64bebb311f57348be1b402a4af39f07cd9a7e1d92fc0a3dc49d127","","thumbs/135-IMG_4886.jpg","","unreviewed",""
"SS-136","IMG_4887.HEIC","image","today-loose-shoot","/Users/jas/Downloads/IMG_4887.HEIC","","2026:07:16 13:04:53","4032","3024","","1340787","3570bf9dac2cdedb57d04d8f6c95310d409037434ef21629e9462a69297aa9ef","","thumbs/136-IMG_4887.jpg","","unreviewed",""
"SS-137","IMG_4888.HEIC","image","today-loose-shoot","/Users/jas/Downloads/IMG_4888.HEIC","","","2080","2322","","319175","d5f151cd7128ee2b8c393230d46a00e77394fc0e1fb3487c6659dce3e9228add","","thumbs/137-IMG_4888.jpg","","unreviewed",""
"SS-138","IMG_4889.MOV","video","today-loose-shoot","/Users/jas/Downloads/IMG_4889.MOV","","2026:07:16 20:13:14","3840","2160","687.683333","5340983471","8ad24bba5c31f2a67e4ec43a5a36452aa949d10952190e8c041a378281dbf318","","thumbs/138-IMG_4889.jpg","","unreviewed",""
"SS-139","IMG_4926.HEIC","image","today-loose-shoot","/Users/jas/Downloads/IMG_4926.HEIC","","2026:07:16 14:23:58","4032","3024","","952422","75e5e4432cf1871a5a5ac359e72940c2fc96857c79aa07f766db08ec1e856586","","thumbs/139-IMG_4926.jpg","","unreviewed",""
"SS-140","IMG_4927.HEIC","image","today-loose-shoot","/Users/jas/Downloads/IMG_4927.HEIC","","2026:07:16 14:24:00","4032","3024","","938263","a6fb12fc03d0f514f24976f128739add525e854d5565ba83ef85ed78be267ea7","","thumbs/140-IMG_4927.jpg","","unreviewed",""
"SS-141","IMG_4928.HEIC","image","today-loose-shoot","/Users/jas/Downloads/IMG_4928.HEIC","","2026:07:16 14:24:15","4032","3024","","901515","a07b1695dd132c5a4883a135920c288e29c2039fe9b4b5febe2c6e9f7b6f31ea","","thumbs/141-IMG_4928.jpg","","unreviewed",""
"SS-142","IMG_4929.HEIC","image","today-loose-shoot","/Users/jas/Downloads/IMG_4929.HEIC","","2026:07:16 14:24:16","4032","3024","","941323","30f7430619f0475019bd881ff495b4cedc4108aaf0ac5dd6908261d305017d29","","thumbs/142-IMG_4929.jpg","","unreviewed",""
"SS-143","IMG_4930.HEIC","image","today-loose-shoot","/Users/jas/Downloads/IMG_4930.HEIC","","2026:07:16 14:24:23","4032","3024","","762697","f810ea403f20c8da22a8757718d3224d1db22cf3120020e620ea9998e1571ff3","","thumbs/143-IMG_4930.jpg","","unreviewed",""
"SS-144","IMG_4931.HEIC","image","today-loose-shoot","/Users/jas/Downloads/IMG_4931.HEIC","","2026:07:16 14:24:24","4032","3024","","825577","9a218b39c032bfb208fe79e69f59a0fe5c47fc81ca8d02f0fde017e0eac3a002","","thumbs/144-IMG_4931.jpg","","unreviewed",""
"SS-145","IMG_4932.HEIC","image","today-loose-shoot","/Users/jas/Downloads/IMG_4932.HEIC","","2026:07:16 14:24:25","4032","3024","","842855","f100e3bc1085ff435ee485a4eb81e4903484cfba4d45b9fbacae01277414b206","","thumbs/145-IMG_4932.jpg","","unreviewed",""
"SS-146","IMG_4933.HEIC","image","today-loose-shoot","/Users/jas/Downloads/IMG_4933.HEIC","","2026:07:16 14:24:30","4032","3024","","976501","15815aa954f8f9ac05273e59c5cffa5cb1f24d241f6a813ddc9a473f21ee9775","","thumbs/146-IMG_4933.jpg","","unreviewed",""
"SS-147","IMG_4934.HEIC","image","today-loose-shoot","/Users/jas/Downloads/IMG_4934.HEIC","","2026:07:16 14:24:31","4032","3024","","1004469","1370131e85d0718acf0dafa60c5897a01d966ed8e4925a74d3054bcaffa67dff","","thumbs/147-IMG_4934.jpg","","unreviewed",""
"SS-148","IMG_4935.HEIC","image","today-loose-shoot","/Users/jas/Downloads/IMG_4935.HEIC","","2026:07:16 14:24:33","4032","3024","","1010596","ba56f7d392a34bd9b1d7feb2a8ba2aabedb02fea80f431327fd956a8600e44f4","","thumbs/148-IMG_4935.jpg","","unreviewed",""
"SS-149","IMG_4936.HEIC","image","today-loose-shoot","/Users/jas/Downloads/IMG_4936.HEIC","","2026:07:16 14:25:08","4032","3024","","951895","1d5cd12674e5971b148da7f0456225280db965fe6d8ed82ba8beef16b11ee1d4","","thumbs/149-IMG_4936.jpg","","unreviewed",""
"SS-150","IMG_4937.HEIC","image","today-loose-shoot","/Users/jas/Downloads/IMG_4937.HEIC","","2026:07:16 14:25:14","4032","3024","","967629","197bf7392e634f51165362e27360465a32f96db3913a91203e94bfd50e2fe913","","thumbs/150-IMG_4937.jpg","","unreviewed",""
"SS-151","IMG_4938.HEIC","image","today-loose-shoot","/Users/jas/Downloads/IMG_4938.HEIC","","2026:07:16 14:25:18","4032","3024","","738846","23ad57743e4cc329614c2d00d4e12e42cac0a24b64fec2ad079630179816b067","","thumbs/151-IMG_4938.jpg","","unreviewed",""
"SS-152","IMG_4939.HEIC","image","today-loose-shoot","/Users/jas/Downloads/IMG_4939.HEIC","","2026:07:16 14:25:20","4032","3024","","698140","7ab9a64197a5654b12d22e9cffa37c7c5517e7057281c459990e5544df6ddb4d","","thumbs/152-IMG_4939.jpg","","unreviewed",""
"SS-153","IMG_4940.HEIC","image","today-loose-shoot","/Users/jas/Downloads/IMG_4940.HEIC","","2026:07:16 14:25:22","4032","3024","","700839","69ecd9a5bd355a0bc43c7efec04e911466aa5f047771e9c1b4e7be9c41d4e7ed","","thumbs/153-IMG_4940.jpg","","unreviewed",""
"SS-154","IMG_4941.HEIC","image","today-loose-shoot","/Users/jas/Downloads/IMG_4941.HEIC","","2026:07:16 14:25:42","4032","3024","","1068192","67551e678d77eb664a965c3c3326d2fe147956822f1e44e45033fd3ffe3568b5","","thumbs/154-IMG_4941.jpg","","unreviewed",""
"SS-155","IMG_4942.HEIC","image","today-loose-shoot","/Users/jas/Downloads/IMG_4942.HEIC","","2026:07:16 14:26:00","4032","3024","","1101412","1fd875a83e7a4f09e3181a5b198fd7fb0d68bb0404a736d47f73d05f3c0a2397","","thumbs/155-IMG_4942.jpg","","unreviewed",""
"SS-156","IMG_4943.HEIC","image","today-loose-shoot","/Users/jas/Downloads/IMG_4943.HEIC","","2026:07:16 14:26:02","4032","3024","","1012956","783a36e10894e27025c3bc53b8a66c4ea8df28b8451a9bf0f29ddf513e98fea0","","thumbs/156-IMG_4943.jpg","","unreviewed",""
"SS-157","IMG_4944.HEIC","image","today-loose-shoot","/Users/jas/Downloads/IMG_4944.HEIC","","2026:07:16 14:26:04","4032","3024","","1001484","ec68a638ff56d38f95d31d73aea3267d409a029ceed321a55aaf186074e31ce7","","thumbs/157-IMG_4944.jpg","","unreviewed",""
"SS-158","IMG_4945.HEIC","image","today-loose-shoot","/Users/jas/Downloads/IMG_4945.HEIC","","2026:07:16 14:26:10","4032","3024","","1168798","cfa6ca8af193f79070b9e5ebcbdce0b8bacde4748c55a03896e6142ef4426deb","","thumbs/158-IMG_4945.jpg","","unreviewed",""
"SS-159","IMG_4946.HEIC","image","today-loose-shoot","/Users/jas/Downloads/IMG_4946.HEIC","","2026:07:16 14:26:28","4032","3024","","1050596","9cdb5987b41a41d382fdfe93307807bb3b32b8966cfc2f1416c39c4c6aa4a644","","thumbs/159-IMG_4946.jpg","","unreviewed",""
"SS-160","IMG_4947.HEIC","image","today-loose-shoot","/Users/jas/Downloads/IMG_4947.HEIC","","2026:07:16 14:26:30","4032","3024","","1034997","4fc7efab9fc2c56f0f319ffe2d0be6803213bdbd942f92c096ec1db71088eade","","thumbs/160-IMG_4947.jpg","","unreviewed",""
"SS-161","IMG_4948.HEIC","image","today-loose-shoot","/Users/jas/Downloads/IMG_4948.HEIC","","2026:07:16 14:26:35","4032","3024","","947397","4840b6ddc44971f934fac259ad0795c805c7e3ea324d2d244c4021ddd2b329c0","","thumbs/161-IMG_4948.jpg","","unreviewed",""
"SS-162","IMG_4949.HEIC","image","today-loose-shoot","/Users/jas/Downloads/IMG_4949.HEIC","","2026:07:16 14:26:41","4032","3024","","874672","9fa88ad188d38a3817dbe18faadff614788c36ded663f15cf152970df61a3894","","thumbs/162-IMG_4949.jpg","","unreviewed",""
"SS-163","IMG_4950.HEIC","image","today-loose-shoot","/Users/jas/Downloads/IMG_4950.HEIC","","2026:07:16 14:26:43","4032","3024","","749668","c1d3ce44271b4d45d3e31a2a0f0d7df258079408346770e465a3857f86fcc851","","thumbs/163-IMG_4950.jpg","","unreviewed",""
"SS-164","IMG_4951.HEIC","image","today-loose-shoot","/Users/jas/Downloads/IMG_4951.HEIC","","2026:07:16 14:27:07","4032","3024","","1055657","cf621b800164c50312eb2681aaaae535292a5a5bea2272241927217b891a0ad4","","thumbs/164-IMG_4951.jpg","","unreviewed",""
"SS-165","IMG_4952.HEIC","image","today-loose-shoot","/Users/jas/Downloads/IMG_4952.HEIC","","2026:07:16 14:27:26","4032","3024","","1186737","e238271f58e938d78e5b4cad57d2c624f269ce8880c21f12c7647825459b0d0d","","thumbs/165-IMG_4952.jpg","","unreviewed",""
"SS-166","IMG_4953.HEIC","image","today-loose-shoot","/Users/jas/Downloads/IMG_4953.HEIC","","2026:07:16 14:27:30","4032","3024","","1043570","9e11e6a9ef90903ad0b36a168a70eaecdea69292cf9a4e7979a89a1775f6115a","","thumbs/166-IMG_4953.jpg","","unreviewed",""
"SS-167","IMG_4954.HEIC","image","today-loose-shoot","/Users/jas/Downloads/IMG_4954.HEIC","","2026:07:16 14:27:31","4032","3024","","1062647","7699bc79e0c2e99f0e08194fe13cfbb52d60944f01083a7def94d2cbaea90428","","thumbs/167-IMG_4954.jpg","","unreviewed",""
"SS-168","IMG_4955.HEIC","image","today-loose-shoot","/Users/jas/Downloads/IMG_4955.HEIC","","2026:07:16 14:29:09","4032","3024","","1098602","5f8a3b015b96f56aae9e5019a463c707944561227ff7597c3cfc6cd1b61da1d0","","thumbs/168-IMG_4955.jpg","","unreviewed",""
"SS-169","IMG_4956.HEIC","image","today-loose-shoot","/Users/jas/Downloads/IMG_4956.HEIC","","2026:07:16 14:29:42","4032","3024","","1608518","52fcc541c0ada4e1b84659c21f13e50b18a9c3392e2f2a36a844b426633cade6","","thumbs/169-IMG_4956.jpg","","unreviewed",""
"SS-170","IMG_4957.HEIC","image","today-loose-shoot","/Users/jas/Downloads/IMG_4957.HEIC","","2026:07:16 14:29:43","4032","3024","","1482196","73e7b95c485df852b9b3dd5a35d3b208b1cf7e7c20758f9a8e6af1175c4fae37","","thumbs/170-IMG_4957.jpg","","unreviewed",""
"SS-171","IMG_4958.HEIC","image","today-loose-shoot","/Users/jas/Downloads/IMG_4958.HEIC","","2026:07:16 14:29:45","4032","3024","","1201880","4f69a2055598845ad84d18a74e9fafa5fa2db180ceb26d76b6612595576202e3","","thumbs/171-IMG_4958.jpg","","unreviewed",""
"SS-172","IMG_4959.HEIC","image","today-loose-shoot","/Users/jas/Downloads/IMG_4959.HEIC","","2026:07:16 14:29:48","4032","3024","","1442326","3b02ff70a7e31694ef529bcf76fc6f89e03ca22a14c352134cd58e8e1672d5aa","","thumbs/172-IMG_4959.jpg","","unreviewed",""
"SS-173","IMG_4960.HEIC","image","today-loose-shoot","/Users/jas/Downloads/IMG_4960.HEIC","","2026:07:16 14:29:51","4032","3024","","2018267","863625a9d04c585f46537233f4167fc14f08f60dec4afb72482dfc139f3009cb","","thumbs/173-IMG_4960.jpg","","unreviewed",""
"SS-174","IMG_4961.HEIC","image","today-loose-shoot","/Users/jas/Downloads/IMG_4961.HEIC","","2026:07:16 14:30:28","4032","3024","","1454859","3c1746949005c42759f37833c2a7387a72c24c3f265dd01eb16d610669277730","","thumbs/174-IMG_4961.jpg","","unreviewed",""
"SS-175","IMG_4962.HEIC","image","today-loose-shoot","/Users/jas/Downloads/IMG_4962.HEIC","","2026:07:16 14:30:36","4032","3024","","1478618","53cb437f17424faf8b1743763df6c8d3b4edf2ce4bdc598f2979856b2bbf9cec","","thumbs/175-IMG_4962.jpg","","unreviewed",""
"SS-176","IMG_4963.HEIC","image","today-loose-shoot","/Users/jas/Downloads/IMG_4963.HEIC","","2026:07:16 14:30:39","4032","3024","","1556174","30720118d02b775eedc5e1e4d7150baae6c84e2d852d4a514fae1b9d73f6b810","","thumbs/176-IMG_4963.jpg","","unreviewed",""
"SS-177","IMG_4964.HEIC","image","today-loose-shoot","/Users/jas/Downloads/IMG_4964.HEIC","","2026:07:16 14:30:41","4032","3024","","1627197","e3f3c870b1e38f3fa92b2208e9878cca00cb9327f91502e3233b8cfd44a79b79","","thumbs/177-IMG_4964.jpg","","unreviewed",""
"SS-178","IMG_4965.HEIC","image","today-loose-shoot","/Users/jas/Downloads/IMG_4965.HEIC","","2026:07:16 14:30:42","4032","3024","","1594044","69aa2ee686032b699d108e97f2ef617f31f8f3d190129500756b92a7926aa879","","thumbs/178-IMG_4965.jpg","","unreviewed",""
"SS-179","IMG_4966.HEIC","image","today-loose-shoot","/Users/jas/Downloads/IMG_4966.HEIC","","","1824","1698","","315334","94d33fbcf69630ad11eb3aeaef166f6e4b9498321430f459171229490ba65f59","","thumbs/179-IMG_4966.jpg","","unreviewed",""
"SS-180","PXL_20260613_174837784.jpg","image","fuser-presentation-zip","Social Software — Cycle 2 — Scores for Social Software-1-001.zip","Social Software — Cycle 2 — Scores for Social Software/PXL_20260613_174837784.jpg","2026:06:13 10:48:37","4080","3072","","2814332","fb14a1254647c72488ac0439931fdedbcc199f1d94e75713f697dd0856771ac2","","thumbs/180-PXL_20260613_174837784.jpg","","unreviewed",""
"SS-181","PXL_20260613_174838366.jpg","image","fuser-presentation-zip","Social Software — Cycle 2 — Scores for Social Software-1-001.zip","Social Software — Cycle 2 — Scores for Social Software/PXL_20260613_174838366.jpg","2026:06:13 10:48:38","4080","3072","","2845489","da858569d1e06d3f198beb09f9c288a309d55e857e779adda73a31173f1c78e6","","thumbs/181-PXL_20260613_174838366.jpg","","unreviewed",""
"SS-182","PXL_20260613_174843920.jpg","image","fuser-presentation-zip","Social Software — Cycle 2 — Scores for Social Software-1-001.zip","Social Software — Cycle 2 — Scores for Social Software/PXL_20260613_174843920.jpg","2026:06:13 10:48:43","3072","4080","","3145201","e150b8ce1077f212ce1114dae906fb13a5831f7f6597a4adabdba5961fa6b972","","thumbs/182-PXL_20260613_174843920.jpg","","unreviewed",""
"SS-183","PXL_20260613_174845561.jpg","image","fuser-presentation-zip","Social Software — Cycle 2 — Scores for Social Software-1-001.zip","Social Software — Cycle 2 — Scores for Social Software/PXL_20260613_174845561.jpg","2026:06:13 10:48:45","3072","4080","","3034517","37716ef59e35c88860db9da0ccfaab87d3173439c475ad9370d55b9cf072b9e9","","thumbs/183-PXL_20260613_174845561.jpg","","unreviewed",""
"SS-184","PXL_20260613_174847596.jpg","image","fuser-presentation-zip","Social Software — Cycle 2 — Scores for Social Software-1-001.zip","Social Software — Cycle 2 — Scores for Social Software/PXL_20260613_174847596.jpg","2026:06:13 10:48:47","3072","4080","","2790490","fb477cd8b2ce06848c89af2c67d24d0d56fe67b74956f416b484d6c00f654989","","thumbs/184-PXL_20260613_174847596.jpg","","unreviewed",""
"SS-185","PXL_20260613_174848815.jpg","image","fuser-presentation-zip","Social Software — Cycle 2 — Scores for Social Software-1-001.zip","Social Software — Cycle 2 — Scores for Social Software/PXL_20260613_174848815.jpg","2026:06:13 10:48:48","3072","4080","","2610974","9c98a9274c96e286df1782e544d93582469c9fefd0c247a706e41e46a05ee48d","","thumbs/185-PXL_20260613_174848815.jpg","","unreviewed",""
"SS-186","PXL_20260613_174947062.jpg","image","fuser-presentation-zip","Social Software — Cycle 2 — Scores for Social Software-1-001.zip","Social Software — Cycle 2 — Scores for Social Software/PXL_20260613_174947062.jpg","2026:06:13 10:49:47","3072","4080","","4056398","3c2ee25179143fa04f2a16b920c3d2665b5ef8bf46a411848786628a0060d899","","thumbs/186-PXL_20260613_174947062.jpg","","unreviewed",""
"SS-187","PXL_20260613_181248080.jpg","image","fuser-presentation-zip","Social Software — Cycle 2 — Scores for Social Software-1-001.zip","Social Software — Cycle 2 — Scores for Social Software/PXL_20260613_181248080.jpg","2026:06:13 11:12:48","4080","3072","","2323836","9e6f37b9fe6d09e9427a1de04287a8032fb10b6505e3ec286969970765d35fa0","","thumbs/187-PXL_20260613_181248080.jpg","","unreviewed",""
"SS-188","PXL_20260613_191259163.jpg","image","fuser-presentation-zip","Social Software — Cycle 2 — Scores for Social Software-1-001.zip","Social Software — Cycle 2 — Scores for Social Software/PXL_20260613_191259163.jpg","2026:06:13 12:12:59","4080","3072","","2367714","fe9910fbfd82709ca719ed3b8fc1ca16ad02fdee339731a7dd82616f6296698b","","thumbs/188-PXL_20260613_191259163.jpg","","unreviewed",""
"SS-189","PXL_20260613_191259634.jpg","image","fuser-presentation-zip","Social Software — Cycle 2 — Scores for Social Software-1-001.zip","Social Software — Cycle 2 — Scores for Social Software/PXL_20260613_191259634.jpg","2026:06:13 12:12:59","4080","3072","","2206932","ce582981e3be19fd15ecbea4cf2e89e6d7b5cb845aed4ca324491a17142dcf79","","thumbs/189-PXL_20260613_191259634.jpg","","unreviewed",""
"SS-190","PXL_20260613_191313806.jpg","image","fuser-presentation-zip","Social Software — Cycle 2 — Scores for Social Software-1-001.zip","Social Software — Cycle 2 — Scores for Social Software/PXL_20260613_191313806.jpg","2026:06:13 12:13:13","4080","3072","","1745870","6c398b968927122be6eef47ef50e8a5f63e9228d7a26ec99708b0aaab508e4fd","","thumbs/190-PXL_20260613_191313806.jpg","","unreviewed",""
"SS-191","PXL_20260613_191316422.jpg","image","fuser-presentation-zip","Social Software — Cycle 2 — Scores for Social Software-1-001.zip","Social Software — Cycle 2 — Scores for Social Software/PXL_20260613_191316422.jpg","2026:06:13 12:13:16","4080","3072","","1666206","362c5ccb2d74e6132c622e9a9c6c4afde383b0981b0c50aeb5f4aed63502ba43","","thumbs/191-PXL_20260613_191316422.jpg","","unreviewed",""
"SS-192","PXL_20260613_191317786.jpg","image","fuser-presentation-zip","Social Software — Cycle 2 — Scores for Social Software-1-001.zip","Social Software — Cycle 2 — Scores for Social Software/PXL_20260613_191317786.jpg","2026:06:13 12:13:17","4080","3072","","1681589","cce9b65d750b8e6fc09fbbadb7282a7f5c317a847cc8defa457b11d137439d92","","thumbs/192-PXL_20260613_191317786.jpg","","unreviewed",""
"SS-193","PXL_20260613_191324133.jpg","image","fuser-presentation-zip","Social Software — Cycle 2 — Scores for Social Software-1-001.zip","Social Software — Cycle 2 — Scores for Social Software/PXL_20260613_191324133.jpg","2026:06:13 12:13:24","4080","3072","","1706932","b12fe9896d0a34452519c3dc503dbf289f97933a4e0bba61410471d0d60c9b9a","","thumbs/193-PXL_20260613_191324133.jpg","","unreviewed",""
"SS-194","PXL_20260613_191325934.jpg","image","fuser-presentation-zip","Social Software — Cycle 2 — Scores for Social Software-1-001.zip","Social Software — Cycle 2 — Scores for Social Software/PXL_20260613_191325934.jpg","2026:06:13 12:13:25","4080","3072","","1686609","4157c7077cb97d5c4dd0a3a1713294f3ab0544e43542be5ed1c8be7a6a69edf4","","thumbs/194-PXL_20260613_191325934.jpg","","unreviewed",""
"SS-195","PXL_20260613_191326548.jpg","image","fuser-presentation-zip","Social Software — Cycle 2 — Scores for Social Software-1-001.zip","Social Software — Cycle 2 — Scores for Social Software/PXL_20260613_191326548.jpg","2026:06:13 12:13:26","4080","3072","","1780480","dc606b028d6750634aaa75374670a55706b78c1a69bcc38bd6a471d9c1eca702","","thumbs/195-PXL_20260613_191326548.jpg","","unreviewed",""
"SS-196","PXL_20260613_191440048.jpg","image","fuser-presentation-zip","Social Software — Cycle 2 — Scores for Social Software-1-001.zip","Social Software — Cycle 2 — Scores for Social Software/PXL_20260613_191440048.jpg","2026:06:13 12:14:40","4080","3072","","2054176","fd0701a8105d2a477338ee3d73cd886aa1f1c6777d265cad862034aa7146f311","","thumbs/196-PXL_20260613_191440048.jpg","","unreviewed",""
"SS-197","PXL_20260613_191440834.jpg","image","fuser-presentation-zip","Social Software — Cycle 2 — Scores for Social Software-1-001.zip","Social Software — Cycle 2 — Scores for Social Software/PXL_20260613_191440834.jpg","2026:06:13 12:14:40","4080","3072","","1874282","5eb6863ffd05cf389f54528286f616deca88b5857fe24f3a52ff2ca70b4eacc5","","thumbs/197-PXL_20260613_191440834.jpg","","unreviewed",""
"SS-198","PXL_20260613_191609675.jpg","image","fuser-presentation-zip","Social Software — Cycle 2 — Scores for Social Software-1-001.zip","Social Software — Cycle 2 — Scores for Social Software/PXL_20260613_191609675.jpg","2026:06:13 12:16:09","4080","3072","","2652798","0b357890934eca200f7f258ffa935b85dc94500eab4cddef488394a54cef4db3","","thumbs/198-PXL_20260613_191609675.jpg","","unreviewed",""
"SS-199","PXL_20260613_191611006.jpg","image","fuser-presentation-zip","Social Software — Cycle 2 — Scores for Social Software-1-001.zip","Social Software — Cycle 2 — Scores for Social Software/PXL_20260613_191611006.jpg","2026:06:13 12:16:11","4080","3072","","2144180","7db083ff957000b486fbeb177494ac9cc26be78415eb2ed1737ed91304e603af","","thumbs/199-PXL_20260613_191611006.jpg","","unreviewed",""
"SS-200","PXL_20260613_191613569.jpg","image","fuser-presentation-zip","Social Software — Cycle 2 — Scores for Social Software-1-001.zip","Social Software — Cycle 2 — Scores for Social Software/PXL_20260613_191613569.jpg","2026:06:13 12:16:13","4080","3072","","2790946","8fc0dcc551449d75dcf44a24906a27124a1d00f2c3e09e93dfd81ec27df7a777","","thumbs/200-PXL_20260613_191613569.jpg","","unreviewed",""
"SS-201","PXL_20260613_191616663.jpg","image","fuser-presentation-zip","Social Software — Cycle 2 — Scores for Social Software-1-001.zip","Social Software — Cycle 2 — Scores for Social Software/PXL_20260613_191616663.jpg","2026:06:13 12:16:16","4080","3072","","2079068","0b644c9c6d995664d4c126159ffdc050bd3b014f67688a74a665bff8f7cdb2f7","","thumbs/201-PXL_20260613_191616663.jpg","","unreviewed",""
"SS-202","PXL_20260613_193610871.jpg","image","fuser-presentation-zip","Social Software — Cycle 2 — Scores for Social Software-1-001.zip","Social Software — Cycle 2 — Scores for Social Software/PXL_20260613_193610871.jpg","2026:06:13 12:36:10","4080","3072","","2193704","8b8de1ab8ebfcc61cd7b5565504f7a1d8dd61f88adcfe63b448385ed8ebac636","","thumbs/202-PXL_20260613_193610871.jpg","","unreviewed",""
"SS-203","PXL_20260613_193612206.jpg","image","fuser-presentation-zip","Social Software — Cycle 2 — Scores for Social Software-1-001.zip","Social Software — Cycle 2 — Scores for Social Software/PXL_20260613_193612206.jpg","2026:06:13 12:36:12","4080","3072","","2036077","e0731469d10194acb2d57f821a35bb4deb739b73ba23631c2c960c489a2bba6e","","thumbs/203-PXL_20260613_193612206.jpg","","unreviewed",""
"SS-204","PXL_20260613_193613912.jpg","image","fuser-presentation-zip","Social Software — Cycle 2 — Scores for Social Software-1-001.zip","Social Software — Cycle 2 — Scores for Social Software/PXL_20260613_193613912.jpg","2026:06:13 12:36:13","4080","3072","","2082073","1e9d6fc883cf2351592e5137e75fb3b2e54624a96e0517f7e58d00651fc1cc6a","","thumbs/204-PXL_20260613_193613912.jpg","","unreviewed",""
"SS-205","PXL_20260613_193615022.jpg","image","fuser-presentation-zip","Social Software — Cycle 2 — Scores for Social Software-1-001.zip","Social Software — Cycle 2 — Scores for Social Software/PXL_20260613_193615022.jpg","2026:06:13 12:36:15","4080","3072","","2010101","0cf8152545f9c82f58b0acace7dbf0da1a187d20ab43015d53be22c001ff72e3","","thumbs/205-PXL_20260613_193615022.jpg","","unreviewed",""
"SS-206","PXL_20260613_194002870.jpg","image","fuser-presentation-zip","Social Software — Cycle 2 — Scores for Social Software-1-001.zip","Social Software — Cycle 2 — Scores for Social Software/PXL_20260613_194002870.jpg","2026:06:13 12:40:02","4080","3072","","2737541","9e86db0677986034f1664f432cd735c148bae07177fe2d9952de6ee0312a53dc","","thumbs/206-PXL_20260613_194002870.jpg","","unreviewed",""
"SS-207","PXL_20260613_194004087.jpg","image","fuser-presentation-zip","Social Software — Cycle 2 — Scores for Social Software-1-001.zip","Social Software — Cycle 2 — Scores for Social Software/PXL_20260613_194004087.jpg","2026:06:13 12:40:04","4080","3072","","2710646","e4c310826b12aec5fc863bdfcd0428a3a08e9dee9aec9b067bf750cb9e77d461","","thumbs/207-PXL_20260613_194004087.jpg","","unreviewed",""
"SS-208","PXL_20260613_194013010.jpg","image","fuser-presentation-zip","Social Software — Cycle 2 — Scores for Social Software-1-001.zip","Social Software — Cycle 2 — Scores for Social Software/PXL_20260613_194013010.jpg","2026:06:13 12:40:13","4080","3072","","2035229","9540c14e16c46366f84bb8f12f30976a01e51a9b62b187162073d848e4e7b841","","thumbs/208-PXL_20260613_194013010.jpg","","unreviewed",""
"SS-209","PXL_20260613_194018768.jpg","image","fuser-presentation-zip","Social Software — Cycle 2 — Scores for Social Software-1-001.zip","Social Software — Cycle 2 — Scores for Social Software/PXL_20260613_194018768.jpg","2026:06:13 12:40:18","4080","3072","","1927027","aff70b1e386e53ee008a275a002ce44bd6e0205fa2a04908346e0d89a7d79e08","","thumbs/209-PXL_20260613_194018768.jpg","","unreviewed",""
"SS-210","PXL_20260613_194021823.jpg","image","fuser-presentation-zip","Social Software — Cycle 2 — Scores for Social Software-1-001.zip","Social Software — Cycle 2 — Scores for Social Software/PXL_20260613_194021823.jpg","2026:06:13 12:40:21","4080","3072","","1830788","905d231536c220ca2e5d48b32a30d51bea68a3b7950275d0b46816c05ffe4711","","thumbs/210-PXL_20260613_194021823.jpg","","unreviewed",""
"SS-211","PXL_20260613_194022885.jpg","image","fuser-presentation-zip","Social Software — Cycle 2 — Scores for Social Software-1-001.zip","Social Software — Cycle 2 — Scores for Social Software/PXL_20260613_194022885.jpg","2026:06:13 12:40:22","4080","3072","","1818267","a41f7d28048319ef6c1b08ac7008429d2cca495b374eb77b238ecbfc963547c4","","thumbs/211-PXL_20260613_194022885.jpg","","unreviewed",""
"SS-212","PXL_20260613_194029110.jpg","image","fuser-presentation-zip","Social Software — Cycle 2 — Scores for Social Software-1-001.zip","Social Software — Cycle 2 — Scores for Social Software/PXL_20260613_194029110.jpg","2026:06:13 12:40:29","4080","3072","","2352457","fd21011f811f67b3ea4dbdca1e362026b9f3d77d42e82b5e1c990942301e7ada","","thumbs/212-PXL_20260613_194029110.jpg","","unreviewed",""
"SS-213","PXL_20260613_194034972.jpg","image","fuser-presentation-zip","Social Software — Cycle 2 — Scores for Social Software-1-001.zip","Social Software — Cycle 2 — Scores for Social Software/PXL_20260613_194034972.jpg","2026:06:13 12:40:34","4080","3072","","2399390","ea957e13199634cbe751740e3138c089c2e2782ea0235a1544d514aeb331b80b","","thumbs/213-PXL_20260613_194034972.jpg","","unreviewed",""
"SS-214","PXL_20260613_194043069.jpg","image","fuser-presentation-zip","Social Software — Cycle 2 — Scores for Social Software-1-001.zip","Social Software — Cycle 2 — Scores for Social Software/PXL_20260613_194043069.jpg","2026:06:13 12:40:43","4080","3072","","1785408","45ab904da74e8e22f1d166649412673942b446cda3a223afce0af1f61d69181f","","thumbs/214-PXL_20260613_194043069.jpg","","unreviewed",""
"SS-215","PXL_20260613_194044742.jpg","image","fuser-presentation-zip","Social Software — Cycle 2 — Scores for Social Software-1-001.zip","Social Software — Cycle 2 — Scores for Social Software/PXL_20260613_194044742.jpg","2026:06:13 12:40:44","4080","3072","","2391081","4a49ac1b41918da0230834f171a8a4c937b3a4cbc78dfd18b895a01e234c81ef","","thumbs/215-PXL_20260613_194044742.jpg","","unreviewed",""
"SS-216","PXL_20260613_194045330.jpg","image","fuser-presentation-zip","Social Software — Cycle 2 — Scores for Social Software-1-001.zip","Social Software — Cycle 2 — Scores for Social Software/PXL_20260613_194045330.jpg","2026:06:13 12:40:45","4080","3072","","2348339","dca85b54f180209e66be4827b9b3d2daff72c21cabe7a01c75770c78c5aee17f","","thumbs/216-PXL_20260613_194045330.jpg","","unreviewed",""
"SS-217","PXL_20260613_200959869.jpg","image","fuser-presentation-zip","Social Software — Cycle 2 — Scores for Social Software-1-001.zip","Social Software — Cycle 2 — Scores for Social Software/PXL_20260613_200959869.jpg","2026:06:13 13:09:59","3072","4080","","1849524","1c4ced5919a0b53549f3343e6e3a24abea6f8cc19412861b66517206b84db1b0","","thumbs/217-PXL_20260613_200959869.jpg","","unreviewed",""
"SS-218","PXL_20260613_201002736.jpg","image","fuser-presentation-zip","Social Software — Cycle 2 — Scores for Social Software-1-001.zip","Social Software — Cycle 2 — Scores for Social Software/PXL_20260613_201002736.jpg","2026:06:13 13:10:02","3072","4080","","2582865","7ac31bbafdf28876037da34014e3a528e3a973a7d6f1330f7c4975eb467722d4","","thumbs/218-PXL_20260613_201002736.jpg","","unreviewed",""
"SS-219","PXL_20260613_201004038.jpg","image","fuser-presentation-zip","Social Software — Cycle 2 — Scores for Social Software-1-001.zip","Social Software — Cycle 2 — Scores for Social Software/PXL_20260613_201004038.jpg","2026:06:13 13:10:04","3072","4080","","2586548","802f33a2e599f14ee3052c1b692fdcb507b57cde2c3a6fb06df6f8e97d60a2f1","","thumbs/219-PXL_20260613_201004038.jpg","","unreviewed",""
"SS-220","PXL_20260613_201009709.jpg","image","fuser-presentation-zip","Social Software — Cycle 2 — Scores for Social Software-1-001.zip","Social Software — Cycle 2 — Scores for Social Software/PXL_20260613_201009709.jpg","2026:06:13 13:10:09","4080","3072","","2037965","1432529af2f1e032d4cb32a37aa7ab3057eca94f5c553cb638379035ff046008","","thumbs/220-PXL_20260613_201009709.jpg","","unreviewed",""
"SS-221","PXL_20260613_201101588.jpg","image","fuser-presentation-zip","Social Software — Cycle 2 — Scores for Social Software-1-001.zip","Social Software — Cycle 2 — Scores for Social Software/PXL_20260613_201101588.jpg","2026:06:13 13:11:01","4080","3072","","2025797","da85318e60113a6cb2552ef39146ee50803e2d5f54f37206e9a44c2525e0ae40","","thumbs/221-PXL_20260613_201101588.jpg","","unreviewed",""
"SS-222","PXL_20260613_201236535.jpg","image","fuser-presentation-zip","Social Software — Cycle 2 — Scores for Social Software-1-001.zip","Social Software — Cycle 2 — Scores for Social Software/PXL_20260613_201236535.jpg","2026:06:13 13:12:36","4080","3072","","2440402","bbbb376b7d8e78feb4b550f702d9c32a8db6099df799d83433e3d88ac62bcaf1","","thumbs/222-PXL_20260613_201236535.jpg","","unreviewed",""
"SS-223","PXL_20260613_201237778.jpg","image","fuser-presentation-zip","Social Software — Cycle 2 — Scores for Social Software-1-001.zip","Social Software — Cycle 2 — Scores for Social Software/PXL_20260613_201237778.jpg","2026:06:13 13:12:37","4080","3072","","2350286","e77a7b38b6e6145d906216b91e01e2d754af4530432a7a4e92101b325e519d2f","","thumbs/223-PXL_20260613_201237778.jpg","","unreviewed",""
"SS-224","PXL_20260613_201238494.jpg","image","fuser-presentation-zip","Social Software — Cycle 2 — Scores for Social Software-1-001.zip","Social Software — Cycle 2 — Scores for Social Software/PXL_20260613_201238494.jpg","2026:06:13 13:12:38","4080","3072","","2316576","3d90520c8df0a2cbde6930de1ce04ec2b5ae114472bba5df521b75fbf189f261","","thumbs/224-PXL_20260613_201238494.jpg","","unreviewed",""
"SS-225","PXL_20260613_201613524.jpg","image","fuser-presentation-zip","Social Software — Cycle 2 — Scores for Social Software-1-001.zip","Social Software — Cycle 2 — Scores for Social Software/PXL_20260613_201613524.jpg","2026:06:13 13:16:13","4080","3072","","2419135","96a4daa11e180a6f1c36c1b9afa9758700455fc97dad130f71af7efd7f0ee301","","thumbs/225-PXL_20260613_201613524.jpg","","unreviewed",""
"SS-226","PXL_20260613_201615157.jpg","image","fuser-presentation-zip","Social Software — Cycle 2 — Scores for Social Software-1-001.zip","Social Software — Cycle 2 — Scores for Social Software/PXL_20260613_201615157.jpg","2026:06:13 13:16:15","4080","3072","","2692749","f18db5a2fbe1beb21cd0e9529028789caf03ae9a862152abc8efd0036114e882","","thumbs/226-PXL_20260613_201615157.jpg","","unreviewed",""
"SS-227","PXL_20260613_202338629.jpg","image","fuser-presentation-zip","Social Software — Cycle 2 — Scores for Social Software-1-001.zip","Social Software — Cycle 2 — Scores for Social Software/PXL_20260613_202338629.jpg","2026:06:13 13:23:38","4080","3072","","3626054","569552105b89fd6cdb435bf7d0f7b0352a2280c93d7a145b852d87c25ea407a8","","thumbs/227-PXL_20260613_202338629.jpg","","unreviewed",""
"SS-228","PXL_20260613_202339484.jpg","image","fuser-presentation-zip","Social Software — Cycle 2 — Scores for Social Software-1-001.zip","Social Software — Cycle 2 — Scores for Social Software/PXL_20260613_202339484.jpg","2026:06:13 13:23:39","4080","3072","","3509082","5cad213eb875d37f606bb675d33e15eb387250b190efee320d861a0d899b1390","","thumbs/228-PXL_20260613_202339484.jpg","","unreviewed",""
"SS-229","PXL_20260613_202346166.jpg","image","fuser-presentation-zip","Social Software — Cycle 2 — Scores for Social Software-1-001.zip","Social Software — Cycle 2 — Scores for Social Software/PXL_20260613_202346166.jpg","2026:06:13 13:23:46","4080","3072","","3129508","b42f127ab3fde8c8b7500d02045c41a9415bd810c8622a6d6f85f60ba8deb97a","","thumbs/229-PXL_20260613_202346166.jpg","","unreviewed",""
"SS-230","PXL_20260613_202347418.jpg","image","fuser-presentation-zip","Social Software — Cycle 2 — Scores for Social Software-1-001.zip","Social Software — Cycle 2 — Scores for Social Software/PXL_20260613_202347418.jpg","2026:06:13 13:23:47","4080","3072","","3615070","c63a4edd57a6ea79aeb0767cd5b916c7b910fa2c5b09b5bd2dc8f12dabd8d713","","thumbs/230-PXL_20260613_202347418.jpg","","unreviewed",""
"SS-231","PXL_20260613_202350454.jpg","image","fuser-presentation-zip","Social Software — Cycle 2 — Scores for Social Software-1-001.zip","Social Software — Cycle 2 — Scores for Social Software/PXL_20260613_202350454.jpg","2026:06:13 13:23:50","4080","3072","","3023572","13a097da349cf5390de9cf97327c440df476305c33b95cee23e1d2314f5e52fd","","thumbs/231-PXL_20260613_202350454.jpg","","unreviewed",""
"SS-232","PXL_20260613_202357298.jpg","image","fuser-presentation-zip","Social Software — Cycle 2 — Scores for Social Software-1-001.zip","Social Software — Cycle 2 — Scores for Social Software/PXL_20260613_202357298.jpg","2026:06:13 13:23:57","4080","3072","","3255818","107a8c02bd3277b2afbec61597cc62d9cb26df6a4bef9aa2b0ce50fb25188f0d","","thumbs/232-PXL_20260613_202357298.jpg","","unreviewed",""
"SS-233","PXL_20260613_202358529.jpg","image","fuser-presentation-zip","Social Software — Cycle 2 — Scores for Social Software-1-001.zip","Social Software — Cycle 2 — Scores for Social Software/PXL_20260613_202358529.jpg","2026:06:13 13:23:58","4080","3072","","3098129","a94aed40f5ca717ae0db5e0886019823272f1d49ffb1d9b4e9fbdbb1e30c31a7","","thumbs/233-PXL_20260613_202358529.jpg","","unreviewed",""
"SS-234","PXL_20260613_202705988.jpg","image","fuser-presentation-zip","Social Software — Cycle 2 — Scores for Social Software-1-001.zip","Social Software — Cycle 2 — Scores for Social Software/PXL_20260613_202705988.jpg","2026:06:13 13:27:05","3072","4080","","2336166","3c8c7cb212837056a45592f51b030dd66eb51d09bfbecc002e4f494d39403f5b","","thumbs/234-PXL_20260613_202705988.jpg","","unreviewed",""
"SS-235","PXL_20260613_202709175.jpg","image","fuser-presentation-zip","Social Software — Cycle 2 — Scores for Social Software-1-001.zip","Social Software — Cycle 2 — Scores for Social Software/PXL_20260613_202709175.jpg","2026:06:13 13:27:09","3072","4080","","3588614","7cbb7d032c27bd5c39a60c9a4551127fdd1b4bc6e649bdb74753e416dc77bf2e","","thumbs/235-PXL_20260613_202709175.jpg","","unreviewed",""
"SS-236","PXL_20260613_202901950.jpg","image","fuser-presentation-zip","Social Software — Cycle 2 — Scores for Social Software-1-001.zip","Social Software — Cycle 2 — Scores for Social Software/PXL_20260613_202901950.jpg","2026:06:13 13:29:01","3072","4080","","3189281","7b0b8caa6ed95f70ccb12ed9291181de74cbdc0362338c91f3e9d7c36a405513","","thumbs/236-PXL_20260613_202901950.jpg","","unreviewed",""
"SS-237","PXL_20260613_202903392.jpg","image","fuser-presentation-zip","Social Software — Cycle 2 — Scores for Social Software-1-001.zip","Social Software — Cycle 2 — Scores for Social Software/PXL_20260613_202903392.jpg","2026:06:13 13:29:03","3072","4080","","2484611","2d7692c7427962354f3fedb31466153e064967bd8f4a95fcbc16fbe9c37c3cf3","","thumbs/237-PXL_20260613_202903392.jpg","","unreviewed",""
"SS-238","PXL_20260613_202911736.jpg","image","fuser-presentation-zip","Social Software — Cycle 2 — Scores for Social Software-1-001.zip","Social Software — Cycle 2 — Scores for Social Software/PXL_20260613_202911736.jpg","2026:06:13 13:29:11","3072","4080","","2416910","d471fb384a1df25ec0109deb8178b744ee23c02a0231e3b83b3eeb5a470260e4","","thumbs/238-PXL_20260613_202911736.jpg","","unreviewed",""
"SS-239","PXL_20260613_202913013.jpg","image","fuser-presentation-zip","Social Software — Cycle 2 — Scores for Social Software-1-001.zip","Social Software — Cycle 2 — Scores for Social Software/PXL_20260613_202913013.jpg","2026:06:13 13:29:13","3072","4080","","2516575","59164c2a34ab592dfcaabd21b45332fce82f59c5ac63b220d02010af57809338","","thumbs/239-PXL_20260613_202913013.jpg","","unreviewed",""
"SS-240","PXL_20260613_202919153.jpg","image","fuser-presentation-zip","Social Software — Cycle 2 — Scores for Social Software-1-001.zip","Social Software — Cycle 2 — Scores for Social Software/PXL_20260613_202919153.jpg","2026:06:13 13:29:19","4080","3072","","2488985","c235dac48c574bbc5128b0c632fdec3739e0e6850f0c78354977d9db09db79ed","","thumbs/240-PXL_20260613_202919153.jpg","","unreviewed",""
"SS-241","PXL_20260613_202921081.jpg","image","fuser-presentation-zip","Social Software — Cycle 2 — Scores for Social Software-1-001.zip","Social Software — Cycle 2 — Scores for Social Software/PXL_20260613_202921081.jpg","2026:06:13 13:29:21","4080","3072","","1920891","fa00c981f0f9d30cffeaa98e6f50bb28821b542c4e4958c7f4ba9983d54456ef","","thumbs/241-PXL_20260613_202921081.jpg","","unreviewed",""
"SS-242","PXL_20260613_202922302.jpg","image","fuser-presentation-zip","Social Software — Cycle 2 — Scores for Social Software-1-001.zip","Social Software — Cycle 2 — Scores for Social Software/PXL_20260613_202922302.jpg","2026:06:13 13:29:22","4080","3072","","2087811","68f8e2384af5b5b729f683232276c993aae55980220664f5aa908f90d2e3011a","","thumbs/242-PXL_20260613_202922302.jpg","","unreviewed",""
"SS-243","PXL_20260613_202945591.jpg","image","fuser-presentation-zip","Social Software — Cycle 2 — Scores for Social Software-1-001.zip","Social Software — Cycle 2 — Scores for Social Software/PXL_20260613_202945591.jpg","2026:06:13 13:29:45","3072","4080","","2234845","4a2276123f7a8d1553871e546002c3fc167064346ff35dc6626b43e64d06f7ea","","thumbs/243-PXL_20260613_202945591.jpg","","unreviewed",""
"SS-244","PXL_20260613_202951867.jpg","image","fuser-presentation-zip","Social Software — Cycle 2 — Scores for Social Software-1-001.zip","Social Software — Cycle 2 — Scores for Social Software/PXL_20260613_202951867.jpg","2026:06:13 13:29:51","3072","4080","","2126831","f44cf92d50739c87ba7ac182e752a004980450aef26bb65d5a14444405d2d7ee","","thumbs/244-PXL_20260613_202951867.jpg","","unreviewed",""
"SS-245","PXL_20260613_202953418.jpg","image","fuser-presentation-zip","Social Software — Cycle 2 — Scores for Social Software-1-001.zip","Social Software — Cycle 2 — Scores for Social Software/PXL_20260613_202953418.jpg","2026:06:13 13:29:53","3072","4080","","1805402","85cc78b5ae37608e1327cde053c32eef53791411df186585b067921fd2671771","","thumbs/245-PXL_20260613_202953418.jpg","","unreviewed",""
"SS-246","PXL_20260613_202957391.jpg","image","fuser-presentation-zip","Social Software — Cycle 2 — Scores for Social Software-1-001.zip","Social Software — Cycle 2 — Scores for Social Software/PXL_20260613_202957391.jpg","2026:06:13 13:29:57","3072","4080","","1756719","2de5bc5a8e230c20f0e527d982678d26d60f96f2580c32bf4935e22f4d9d1935","","thumbs/246-PXL_20260613_202957391.jpg","","unreviewed",""
"SS-247","PXL_20260613_203001164.jpg","image","fuser-presentation-zip","Social Software — Cycle 2 — Scores for Social Software-1-001.zip","Social Software — Cycle 2 — Scores for Social Software/PXL_20260613_203001164.jpg","2026:06:13 13:30:01","3072","4080","","1839457","d601dda6cf0bfa7951932a352e276fbefc4b2cf57cfbe1481743641fc9bb00be","","thumbs/247-PXL_20260613_203001164.jpg","","unreviewed",""
"SS-248","PXL_20260613_203005020.jpg","image","fuser-presentation-zip","Social Software — Cycle 2 — Scores for Social Software-1-001.zip","Social Software — Cycle 2 — Scores for Social Software/PXL_20260613_203005020.jpg","2026:06:13 13:30:05","3072","4080","","2155797","afc52315cc7cac88eb1bca77108084977aedb3a3a7b682a47e4dd0856c56a174","","thumbs/248-PXL_20260613_203005020.jpg","","unreviewed",""
"SS-249","PXL_20260613_203010713.jpg","image","fuser-presentation-zip","Social Software — Cycle 2 — Scores for Social Software-1-001.zip","Social Software — Cycle 2 — Scores for Social Software/PXL_20260613_203010713.jpg","2026:06:13 13:30:10","3072","4080","","2364348","5d6436ce513a8e818a0e44f12f604302128673f2378e08763ec34605098810c4","","thumbs/249-PXL_20260613_203010713.jpg","","unreviewed",""
"SS-250","PXL_20260613_203012080.jpg","image","fuser-presentation-zip","Social Software — Cycle 2 — Scores for Social Software-1-001.zip","Social Software — Cycle 2 — Scores for Social Software/PXL_20260613_203012080.jpg","2026:06:13 13:30:12","3072","4080","","2149382","f95b6f87f8034fabe4407d1bf0bd458c67607aa9cd41e1587d8b442f2ade6400","","thumbs/250-PXL_20260613_203012080.jpg","","unreviewed",""
"SS-251","PXL_20260613_203013346.jpg","image","fuser-presentation-zip","Social Software — Cycle 2 — Scores for Social Software-1-001.zip","Social Software — Cycle 2 — Scores for Social Software/PXL_20260613_203013346.jpg","2026:06:13 13:30:13","3072","4080","","1976053","d0bdbbfe11f2e467872908a04b1829f620bdffb770d119026f8dcbc2708af070","","thumbs/251-PXL_20260613_203013346.jpg","","unreviewed",""
"SS-252","PXL_20260613_203014085.jpg","image","fuser-presentation-zip","Social Software — Cycle 2 — Scores for Social Software-1-001.zip","Social Software — Cycle 2 — Scores for Social Software/PXL_20260613_203014085.jpg","2026:06:13 13:30:14","3072","4080","","2058918","8645ece5b903b3ea498541497826743db5e107ff5be4ae8b1e731d7b9949cffa","","thumbs/252-PXL_20260613_203014085.jpg","","unreviewed",""
"SS-253","PXL_20260613_203021417.jpg","image","fuser-presentation-zip","Social Software — Cycle 2 — Scores for Social Software-1-001.zip","Social Software — Cycle 2 — Scores for Social Software/PXL_20260613_203021417.jpg","2026:06:13 13:30:21","3072","4080","","1952993","a91383a7db78c4c38e8a27455dc3415fb66f4cab64a5b0da611df6dfb8d61d7a","","thumbs/253-PXL_20260613_203021417.jpg","","unreviewed",""
"SS-254","PXL_20260613_203022483.jpg","image","fuser-presentation-zip","Social Software — Cycle 2 — Scores for Social Software-1-001.zip","Social Software — Cycle 2 — Scores for Social Software/PXL_20260613_203022483.jpg","2026:06:13 13:30:22","3072","4080","","1737940","a368215a73944b57f82dbe1de9fac076228a29219d2296eee8535848bab338c4","","thumbs/254-PXL_20260613_203022483.jpg","","unreviewed",""
"SS-255","PXL_20260613_203023975.jpg","image","fuser-presentation-zip","Social Software — Cycle 2 — Scores for Social Software-1-001.zip","Social Software — Cycle 2 — Scores for Social Software/PXL_20260613_203023975.jpg","2026:06:13 13:30:23","3072","4080","","1796271","b6aec3991da749a288734c71394b8e11affc701f0c5865f2cc75363d6466536d","","thumbs/255-PXL_20260613_203023975.jpg","","unreviewed",""
"SS-256","PXL_20260613_203024614.jpg","image","fuser-presentation-zip","Social Software — Cycle 2 — Scores for Social Software-1-001.zip","Social Software — Cycle 2 — Scores for Social Software/PXL_20260613_203024614.jpg","2026:06:13 13:30:24","3072","4080","","1735645","51aca82a5c5af833a0232458f3b188303ec278fb10249c7a23b0a2d6dc3267b3","","thumbs/256-PXL_20260613_203024614.jpg","","unreviewed",""
"SS-257","PXL_20260613_203025277.jpg","image","fuser-presentation-zip","Social Software — Cycle 2 — Scores for Social Software-1-001.zip","Social Software — Cycle 2 — Scores for Social Software/PXL_20260613_203025277.jpg","2026:06:13 13:30:25","3072","4080","","1692000","345456c372b365db4b25bd625bb459e92be9deaf7fe3302f02b4e86bf6734b17","","thumbs/257-PXL_20260613_203025277.jpg","","unreviewed",""
